CASE_ID,ACCIDENT_YEAR,PROC_DATE,JURIS,COLLISION_DATE,COLLISION_TIME,OFFICER_ID,REPORTING_DISTRICT,DAY_OF_WEEK,CHP_SHIFT,POPULATION,CNTY_CITY_LOC,SPECIAL_COND,BEAT_TYPE,CHP_BEAT_TYPE,CITY_DIVISION_LAPD,CHP_BEAT_CLASS,BEAT_NUMBER,PRIMARY_RD,SECONDARY_RD,DISTANCE,DIRECTION,INTERSECTION,WEATHER_1,WEATHER_2,STATE_HWY_IND,CALTRANS_COUNTY,CALTRANS_DISTRICT,STATE_ROUTE,ROUTE_SUFFIX,POSTMILE_PREFIX,POSTMILE,LOCATION_TYPE,RAMP_INTERSECTION,SIDE_OF_HWY,TOW_AWAY,COLLISION_SEVERITY,NUMBER_KILLED,NUMBER_INJURED,PARTY_COUNT,PRIMARY_COLL_FACTOR,PCF_CODE_OF_VIOL,PCF_VIOL_CATEGORY,PCF_VIOLATION,PCF_VIOL_SUBSECTION,HIT_AND_RUN,TYPE_OF_COLLISION,MVIW,PED_ACTION,ROAD_SURFACE,ROAD_COND_1,ROAD_COND_2,LIGHTING,CONTROL_DEVICE,CHP_ROAD_TYPE,PEDESTRIAN_ACCIDENT,BICYCLE_ACCIDENT,MOTORCYCLE_ACCIDENT,TRUCK_ACCIDENT,NOT_PRIVATE_PROPERTY,ALCOHOL_INVOLVED,STWD_VEHTYPE_AT_FAULT,CHP_VEHTYPE_AT_FAULT,COUNT_SEVERE_INJ,COUNT_VISIBLE_INJ,COUNT_COMPLAINT_PAIN,COUNT_PED_KILLED,COUNT_PED_INJURED,COUNT_BICYCLIST_KILLED,COUNT_BICYCLIST_INJURED,COUNT_MC_KILLED,COUNT_MC_INJURED,PRIMARY_RAMP,SECONDARY_RAMP,LATITUDE,LONGITUDE,COUNTY,CITY,POINT_X,POINT_Y
90510251,2017,2017-09-07,9151,2017-05-27,0222,021228,,6,3,9,1700,0,3,5,,2,007,"GOLD DUST DRIVE","WILSON ROAD",0.00,,Y,A,-,N,,,,,,,,,,Y,1,3,0,1,A,-,01,23152,A,N,E,I,A,A,H,-,D,D,0,,,,,Y,Y,A,01,0,0,0,0,0,0,0,0,0,"- ","- ",38.964120000000001,-122.85251,LAKE,UNINCORPORATED,-122.8524099,38.964179889999997
9051031,2020,2020-05-29,1701,2020-02-11,0000,41,,2,5,2,1701,0,0,0,,0,,"11TH ST","NORTH FORBES ST",0.00,,Y,A,-,N,,,,,,,,,,N,3,0,2,2,A,-,09,21800,A,N,D,C,A,A,C,G,A,A,0,,,,,Y,,A,01,0,1,1,0,0,0,0,0,0,"- ","- ",,,LAKE,LAKEPORT,-122.91606140136719,39.048969268798828
9051035,2020,2020-05-29,1701,2020-02-27,0900,34,3F,4,5,2,1701,0,0,0,,0,,"11TH ST","N BRUSH ST",0.00,,Y,A,-,N,,,,,,,,,,Y,3,0,2,2,A,-,09,21802,A,N,A,C,A,A,H,-,A,A,0,,,,,Y,,A,01,0,1,1,0,0,0,0,0,0,"- ","- ",,,LAKE,LAKEPORT,-122.91806030273438,39.048980712890625
90511373,2017,2017-07-28,9151,2017-07-18,1323,021793,,2,1,9,1700,0,1,3,,2,015,SR-29,"BOTTLE ROCK ROAD",60.00,N,N,A,-,Y,,,29,,,,,,,Y,4,0,4,3,A,-,03,22350,,N,A,C,A,A,H,-,A,D,0,,,,,Y,,I,20,0,0,4,0,0,0,0,0,0,"- ","- ",38.944499999999998,-122.8156,LAKE,UNINCORPORATED,-122.81551689,38.944718860000002
90511380,2017,2017-07-28,9151,2017-07-19,1140,021255,,3,1,9,1700,0,1,3,,1,022,SR-20,"NEW LONG VALLEY ROAD",10560.00,E,N,A,-,Y,,,20,,,,,,,Y,4,0,1,2,A,-,08,22107,,N,B,C,A,A,H,-,A,D,0,,,,,Y,,D,22,0,0,1,0,0,0,0,0,0,"- ","- ",38.994750000000003,-122.55083,LAKE,UNINCORPORATED,-122.55081994,38.994766319999997
90512955,2017,2017-07-31,9151,2017-07-19,0823,021793,,3,1,9,1700,0,1,3,,1,028,SR-175,"GOLF ROAD",0.00,,Y,A,-,Y,,,175,,,,,,,Y,4,0,2,2,A,-,09,21801,A,N,A,C,A,A,H,-,A,D,0,,,,,Y,,A,07,0,0,2,0,0,0,0,0,0,"- ","- ",38.82,-122.7184,LAKE,UNINCORPORATED,-122.71844317,38.819920060000001
90513100,2017,2017-07-31,9151,2017-07-24,1545,015435,,1,2,9,1700,0,2,4,,2,043,"LAKESHORE BOULEVARD","WALNUT DRIVE",180.00,S,N,A,-,N,,,,,,,,,,N,4,0,1,2,A,-,03,22350,,F,C,C,A,A,H,-,A,D,0,,,,,Y,,-,99,0,0,1,0,0,0,0,0,0,"- ","- ",39.091619999999999,-122.90286,LAKE,UNINCORPORATED,-122.90296307,39.091279870000001
90513667,2017,2017-08-03,9151,2017-06-15,2056,021014,,4,2,9,1700,0,3,5,,2,008,"BUTTS CANYON RD",SR-29,8448.00,E,N,A,-,N,,,,,,,,,,Y,1,1,0,1,A,-,01,23152,A,N,E,I,A,A,H,-,B,D,0,,,Y,,Y,Y,C,02,0,0,0,0,0,0,0,1,0,"- ","- ",38.746040000000001,-122.58396,LAKE,UNINCORPORATED,-122.58161896999999,38.745985449999999
90515249,2017,2017-08-02,9151,2017-07-22,0650,019811,,6,1,9,1700,0,3,5,,2,008,"SPRUCE GROVE ROAD","EAST ROAD",450.00,S,N,A,-,N,,,,,,,,,,Y,3,0,2,1,A,-,03,22350,,F,E,I,A,A,H,-,A,D,0,,,,,Y,,A,07,0,2,0,0,0,0,0,0,0,"- ","- ",38.849440000000001,-122.55238,LAKE,UNINCORPORATED,-122.55226299,38.849666929999998
90515559,2017,2017-08-03,9151,2017-07-26,0925,019811,,3,1,9,1700,0,1,3,,2,018,SR-29,"SHADY GROVE ROAD",1196.00,N,N,A,-,Y,,,29,,,,,,,Y,3,0,2,1,A,-,08,22107,,N,E,I,A,A,H,-,A,D,0,,,,,Y,,D,22,0,1,1,0,0,0,0,0,0,"- ","- ",38.71752,-122.61793,LAKE,UNINCORPORATED,-122.61785293,38.71753056
90515954,2017,2017-08-03,9151,2017-07-24,1540,017300,,1,2,9,1700,0,2,4,,2,025,"SODA BAY ROAD","OAK DRIVE",1056.00,W,N,A,-,N,,,,,,,,,,Y,3,0,1,2,A,-,01,23152,G,N,A,C,A,A,H,-,A,A,0,,,,,Y,Y,A,01,0,1,0,0,0,0,0,0,0,"- ","- ",39.002110000000002,-122.79722,LAKE,UNINCORPORATED,-122.79615011,39.001790020000001
90517696,2017,2017-08-07,9151,2017-07-25,1500,015435,,2,2,9,1700,0,1,3,,1,011,SR-20,"SARATOGA SPRINGS ROAD",1584.00,W,N,A,-,Y,,,20,,,,,,,Y,3,0,2,2,A,-,03,22350,,N,C,C,A,A,H,-,A,D,0,,,,,Y,,A,01,0,1,1,0,0,0,0,0,0,"- ","- ",39.16489,-122.97936,LAKE,UNINCORPORATED,-122.97936652999999,39.16490787
90517734,2017,2017-08-07,9151,2017-07-27,2100,019714,,4,2,9,1700,0,3,5,,2,005,"HIGHLAND SPRINGS ROAD","E. HIGHLAND SPRINGS ROAD",625.00,N,N,A,-,N,,,,,,,,,,Y,3,0,1,1,A,-,01,23152,A,N,E,I,A,A,H,-,C,D,0,,,,,Y,Y,A,01,0,1,0,0,0,0,0,0,0,"- ","- ",38.949330000000003,-122.902,LAKE,UNINCORPORATED,-122.90171276,38.95022307
90517886,2017,2017-08-07,9151,2017-07-29,1647,021793,,6,2,9,1700,0,1,3,,2,018,SR-29,"SPRUCE GROVE ROAD (SOUTH)",0.00,,Y,A,-,Y,,,,,,,,,,N,4,0,1,2,A,-,04,21703,,N,C,C,A,A,H,-,A,D,0,,,,,Y,,A,07,0,0,1,0,0,0,0,0,0,"- ","- ",38.491199999999999,-122.3436,LAKE,UNINCORPORATED,-122.60439984999999,38.889129920000002
90523740,2017,2017-08-15,9151,2017-08-04,1452,017904,,5,2,9,1700,0,1,3,,2,018,SR-29,"A ST.",1056.00,S,N,B,-,Y,,,29,,,,,,,Y,4,0,1,1,C,-,18,,,N,F,A,A,A,H,-,A,D,0,,,,,Y,,-,"- ",0,0,1,0,0,0,0,0,0,"- ","- ",38.863669999999999,-122.62578999999999,LAKE,UNINCORPORATED,-122.62584382999999,38.863722989999999
90523748,2017,2017-08-15,9151,2017-08-05,0025,021152,,6,3,9,1700,0,1,3,,2,018,SR-29,"MIRABEL ROAD",291.00,N,N,A,-,Y,,,29,,,,,,,Y,3,0,1,1,A,-,01,23152,A,N,E,J,A,A,H,-,D,D,0,,,,,Y,Y,A,07,0,1,0,0,0,0,0,0,0,"- ","- ",38.71172,-122.61273,LAKE,UNINCORPORATED,-122.61268401,38.711776559999997
90523857,2017,2017-08-15,9151,2017-08-08,1600,015435,,2,2,9,1700,0,1,3,,2,015,SR-29,SR-281,7920.00,N,N,A,-,Y,,,29,,,,,,,Y,2,0,2,1,A,-,08,22107,,N,F,A,A,A,H,-,A,D,0,,,,,Y,,A,01,1,0,1,0,0,0,0,0,0,"- ","- ",38.940080000000002,-122.76121000000001,LAKE,UNINCORPORATED,-122.76119864,38.940117960000002
90524933,2017,2017-09-28,9151,2017-08-08,1640,018337,,2,2,9,1700,0,1,3,,2,015,SR-29,"SR-175 (COBB)",920.00,N,N,A,-,N,,,29,,,,,,,Y,3,0,1,2,A,-,08,22107,,N,D,C,A,A,H,-,A,D,0,,,,,Y,,D,22,0,1,0,0,0,0,0,0,0,"- ","- ",38.943539999999999,-122.79574,LAKE,UNINCORPORATED,-122.7957431,38.943519940000002
90524964,2017,2017-08-16,9151,2017-08-08,1515,018337,,2,2,9,1700,0,3,5,,2,005,"FINLEY EAST ROAD","DORN CROSSING",1000.00,N,N,A,-,N,,,,,,,,,,Y,3,0,1,2,A,-,05,21650,,N,B,C,A,A,H,-,A,A,0,,,,Y,Y,,-,"- ",0,1,0,0,0,0,0,0,0,"- ","- ",39.001249999999999,-122.84522,LAKE,UNINCORPORATED,-122.84528482,39.001101839999997
90527155,2017,2017-08-21,9151,2017-08-12,0051,021793,,6,3,9,1700,0,2,4,,2,043,"LAKESHORE BLVD","DEER HILL LN",268.00,N,N,A,-,N,,,,,,,,,,Y,2,0,2,1,A,-,01,23152,A,N,E,I,A,A,H,-,C,D,0,,,,,Y,Y,D,22,2,0,0,0,0,0,0,0,0,"- ","- ",39.088799999999999,-122.90309999999999,LAKE,UNINCORPORATED,-122.90318411,39.08875278
90527654,2017,2017-08-21,9151,2017-08-13,1520,020927,,7,2,9,1700,0,3,5,,2,008,"SEIGLER CANYON RD.","BIG CANYON RD",5808.00,E,N,A,-,N,,,,,,,,,,Y,3,0,1,1,A,-,08,22107,,N,E,I,A,A,H,-,A,D,0,,,,,Y,,D,22,0,1,0,0,0,0,0,0,0,"- ","- ",38.885199999999998,-122.66459999999999,LAKE,UNINCORPORATED,-122.66456031,38.885892509999998
90527741,2017,2017-08-21,9151,2017-08-16,1850,020927,,3,2,9,1700,0,1,3,,1,011,SR-20,"POMO WAY",800.00,W,N,A,-,Y,,,20,,,,,,,Y,3,0,1,1,A,-,08,22107,,N,E,I,A,A,H,-,A,D,0,,,,,Y,,D,22,0,1,0,0,0,0,0,0,0,"- ","- ",39.142859999999999,-122.88369,LAKE,UNINCORPORATED,-122.88365224,39.142884649999999
90528659,2017,2017-08-22,9151,2017-08-20,2125,020949,,7,2,9,1700,0,3,5,,2,002,"NEW LONG VALLEY ROAD",SR-20,3168.00,N,N,A,-,N,,,,,,,,,,Y,2,0,1,1,A,-,08,22107,,N,E,I,A,A,H,-,D,D,0,,,Y,,Y,,C,02,1,0,0,0,0,0,0,0,1,"- ","- ",39.024349999999998,-122.57562,LAKE,UNINCORPORATED,-122.57631918,39.025074400000001
90529623,2017,2017-08-23,9151,2017-08-21,1615,018337,,1,2,9,1700,0,1,3,,1,023,SR-175,"ADOBE CREEK ROAD",90.00,W,N,A,-,Y,,,175,,,,,,,Y,4,0,1,1,A,-,08,22107,,N,E,I,A,A,H,-,A,D,0,,,,,Y,,A,01,0,0,1,0,0,0,0,0,0,"- ","- ",38.981610000000003,-122.97256,LAKE,UNINCORPORATED,-122.97248193999999,38.98164122
90529708,2017,2017-08-23,9151,2017-08-12,1648,020955,,6,2,9,1700,0,1,3,,2,015,SR-29,SR-281,5808.00,N,N,A,-,Y,,,29,,,,,,,N,4,0,1,2,A,-,03,22350,,F,C,C,A,A,H,-,A,D,0,,,,,Y,,A,01,0,0,1,0,0,0,0,0,0,"- ","- ",38.939239999999998,-122.7593,LAKE,UNINCORPORATED,-122.75931447000001,38.939217730000003
90535075,2017,2017-08-28,9151,2017-08-16,0240,021793,,3,3,9,1700,0,3,5,,2,003,"LAKESHORE BOULEVARD","RAINBOW ROAD",0.00,,N,A,-,N,,,,,,,,,,Y,3,0,1,1,A,-,01,23152,A,N,E,I,A,A,H,-,C,D,0,,,,,Y,Y,A,01,0,1,0,0,0,0,0,0,0,"- ","- ",39.063899999999997,-122.914,LAKE,UNINCORPORATED,-122.91382985,39.063819889999998
90535109,2017,2017-08-28,9151,2017-08-20,1205,017300,,7,1,9,1700,0,3,5,,2,001,"ELK MOUNTAIN ROAD","PITNEY LANE",42240.00,N,N,A,-,N,,,,,,,,,,Y,4,0,1,2,A,-,05,21650,,N,D,C,A,A,H,-,A,A,0,,,,,Y,,A,07,0,0,1,0,0,0,0,0,0,"- ","- ",39.254170000000002,-122.95021,LAKE,UNINCORPORATED,-122.94330782,39.25892485
90535189,2017,2017-08-28,9151,2017-08-19,0525,021172,,6,3,9,1700,0,1,3,,1,011,SR-20,"ROSEMONT DRIVE",5280.00,E,N,A,-,Y,,,,,,,,,,Y,4,0,1,1,A,-,01,23152,A,N,E,I,A,A,H,-,B,D,0,,,,,Y,Y,A,01,0,0,1,0,0,0,0,0,0,"- ","- ",39.054720000000003,-122.78612,LAKE,UNINCORPORATED,-122.78772875999999,39.079639950000001
90535214,2017,2017-08-28,9151,2017-08-17,1110,019811,,4,1,9,1700,0,1,3,,1,012,SR-20,"CATHOLIC CHURCH RD",550.00,E,N,A,-,Y,,,20,,,,,,,Y,4,0,2,3,A,-,03,22350,,N,C,C,A,A,H,-,A,D,0,,,,,Y,,D,22,0,0,2,0,0,0,0,0,0,"- ","- ",39.013309999999997,-122.63325,LAKE,UNINCORPORATED,-122.63325057,39.013307619999999
90535410,2017,2017-08-28,9151,2017-08-19,1525,020848,,6,2,9,1700,0,1,3,,2,015,SR-29,"BOTTLE ROCK RD",2759.00,S,N,A,-,Y,,,29,,,,,,,Y,3,0,1,1,A,-,01,23152,A,N,F,A,A,A,H,-,A,D,0,,,,,Y,Y,A,01,0,1,0,0,0,0,0,0,0,"- ","- ",38.94294,-122.80611,LAKE,UNINCORPORATED,-122.80610694000001,38.942930619999998
90535503,2017,2017-08-28,9151,2017-08-19,2025,021152,,6,2,9,1700,0,3,5,,2,008,"BELL  AVE","BELL AVE",0.00,,Y,A,-,N,,,,,,,,,,N,4,0,1,1,A,-,08,22107,,N,E,J,A,A,H,-,B,D,0,,,Y,,Y,,C,02,0,0,1,0,0,0,0,0,1,"- ","- ",38.908830000000002,-122.61636,LAKE,UNINCORPORATED,,
90536134,2017,2017-08-29,9151,2017-08-21,1650,020927,,1,2,9,1700,0,1,3,,2,015,SR-29,"RED HILLS ROAD",2640.00,N,N,A,-,Y,,,,,,,,,,Y,3,0,1,2,A,-,08,22107,,N,D,C,A,A,H,-,A,D,0,,,,,Y,,A,08,0,1,0,0,0,0,0,0,0,"- ","- ",39.93262,-122.74921000000001,LAKE,UNINCORPORATED,-122.74975544999999,38.932973269999998
90536813,2017,2017-08-30,9151,2017-08-21,1700,017300,,1,2,9,1700,0,1,3,,1,011,SR-20,"ROSEMONT DRIVE",2640.00,E,N,A,-,Y,,,20,,,,,,,Y,3,0,1,1,A,-,01,23152,A,N,E,I,A,A,H,-,A,A,0,,,,,Y,Y,A,01,0,1,0,0,0,0,0,0,0,"- ","- ",39.058669999999999,-122.7816,LAKE,UNINCORPORATED,-122.78090342,39.058550150000002
90537470,2017,2017-08-30,9151,2017-08-18,1543,020848,,5,2,9,1700,0,1,3,,1,016,SR-53,SR-20,2621.00,S,N,A,-,Y,,,53,,,,,,,Y,3,0,3,2,A,-,08,22107,,N,D,C,A,A,H,-,A,A,0,,,,,Y,,A,01,0,1,2,0,0,0,0,0,0,"- ","- ",39.004919999999998,-122.6063,LAKE,UNINCORPORATED,-122.60634647000001,39.004869499999998
90540599,2017,2017-09-05,9151,2017-08-25,2105,021172,,5,2,9,1700,0,3,5,,2,008,"CREEK VIEW DRIVE","HARRINGTON FLAT RD",1056.00,N,N,A,-,N,,,,,,,,,,Y,4,0,1,1,A,-,08,22107,,N,E,J,A,A,H,-,D,A,0,,,,,Y,,A,08,0,0,1,0,0,0,0,0,0,"- ","- ",38.855370000000001,-122.72365000000001,LAKE,UNINCORPORATED,-122.72369,38.85521
90540848,2017,2017-09-05,9151,2017-08-24,1607,016093,,4,2,9,1700,0,1,3,,1,035,SR-281,SR-29,4224.00,W,N,A,-,Y,,,281,,,,,,,N,3,0,1,1,A,-,08,22107,,N,F,A,A,A,H,-,A,D,0,,,Y,,Y,,C,02,0,1,0,0,0,0,0,0,1,"- ","- ",38.93967,-122.73909999999999,LAKE,UNINCORPORATED,-122.73905133,38.939662759999997
90540871,2017,2017-09-05,9151,2017-08-27,2200,019533,,7,3,9,1700,0,3,5,,2,006,"MORGAN VALLEY RD.","MIANTENINO RANCH RD.",2640.00,W,N,A,-,N,,,,,,,,,,Y,2,0,1,1,A,-,03,22350,,N,E,I,A,A,H,-,D,D,0,,,,,Y,Y,A,01,1,0,0,0,0,0,0,0,0,"- ","- ",38.886429999999997,-122.50067,LAKE,UNINCORPORATED,-122.50067,38.886429999999997
90541107,2017,2017-09-05,9151,2017-08-22,1005,015435,,2,1,9,1700,0,1,3,,2,015,SR-29,"SR-175 (HOPLAND)",1056.00,S,N,A,-,Y,,,29,,,,,,,N,4,0,1,2,A,-,03,22350,,F,C,C,A,A,H,-,A,D,0,,,,,Y,,A,07,0,0,1,0,0,0,0,0,0,"- ","- ",39.016620000000003,-122.9127,LAKE,UNINCORPORATED,-122.91271247,39.016611490000003
90541626,2017,2017-09-06,9151,2017-08-28,1623,017300,,1,2,9,1700,0,3,5,,2,001,"COUNTRY CLUB DR","14TH AVE.",0.00,,Y,A,-,N,,,,,,,,,,N,3,0,1,2,A,-,05,21650,,N,D,G,A,A,H,-,A,D,0,,Y,,,Y,,L,04,0,1,0,0,0,0,1,0,0,"- ","- ",39.088090000000001,-122.78963,LAKE,UNINCORPORATED,-122.78959999,39.088089969999999
90541651,2017,2017-09-06,9151,2017-08-29,0655,017141,,2,1,9,1700,0,3,5,,2,008,"HOBERG DRIVE (SOUTH)","HOBERG DR",17.00,S,N,A,-,N,,,,,,,,,,N,2,0,1,2,A,-,08,22107,,N,A,C,A,A,H,-,A,D,0,,,Y,,Y,,C,02,1,0,0,0,0,0,0,0,1,"- ","- ",38.845039999999997,-122.73031,LAKE,UNINCORPORATED,-122.73704918,38.846833519999997
90542035,2017,2017-09-06,9151,2017-09-02,0800,019714,,6,1,9,1700,0,1,3,,2,018,"SR-29 N/B","BRADFORD ROAD",1472.00,S,N,A,-,Y,,,29,,,,,,N,Y,3,0,1,1,A,-,08,22107,,N,F,I,A,A,H,-,A,D,0,,,,,Y,,A,01,0,1,0,0,0,0,0,0,0,"- ","- ",38.692979999999999,-122.59781,LAKE,UNINCORPORATED,-122.59781489,38.692978910000001
90542065,2017,2017-09-06,9151,2017-09-05,1923,018337,,2,2,9,1700,0,3,5,,2,005,"STONE DRIVE","BIG VALLEY ROAD",0.00,,Y,A,-,N,,,,,,,,,,N,4,0,1,2,A,-,08,22107,,N,A,C,A,A,H,-,B,A,0,,,,,Y,,D,22,0,0,1,0,0,0,0,0,0,"- ","- ",39.003950000000003,-122.87560000000001,LAKE,UNINCORPORATED,-122.87556996000001,39.003869909999999
90542523,2017,2017-09-07,9151,2017-08-29,1312,017141,,2,1,9,1700,0,1,3,,2,015,SR-29,"BOTTLE ROCK RD",100.00,S,N,A,-,Y,,,29,,,,,,,Y,2,0,1,1,A,-,08,22107,,N,F,A,A,A,H,-,A,D,0,,,,,Y,,A,01,1,0,0,0,0,0,0,0,0,"- ","- ",38.944429999999997,-122.81474,LAKE,UNINCORPORATED,-122.81474068999999,38.944428180000003
90545026,2017,2017-09-11,9151,2017-09-06,1000,015435,,3,1,9,1700,0,1,3,,1,011,SR-20,"BERYL WAY",528.00,E,N,A,-,Y,,,20,,,,,,,Y,4,0,1,1,C,-,18,,,N,E,I,A,A,H,-,A,D,0,,,,,Y,,-,"- ",0,0,1,0,0,0,0,0,0,"- ","- ",39.020299999999999,-122.68067000000001,LAKE,UNINCORPORATED,-122.68066727999999,39.020305909999998
90546049,2017,2017-09-12,9151,2017-08-23,1530,017141,,3,2,9,1700,0,1,3,,2,018,SR-29,"HOFACKER LN",300.00,S,N,A,-,Y,,,29,,,,,,,N,4,0,1,2,A,-,03,22350,,M,C,C,A,A,H,-,A,D,0,,,,,Y,,D,22,0,0,1,0,0,0,0,0,0,"- ","- ",38.843319999999999,-122.60605,LAKE,UNINCORPORATED,-122.60604647,38.843324000000003
90546078,2017,2017-09-12,9151,2017-09-11,0725,015435,,1,1,9,1700,0,1,3,,1,011,SR-20,"POMO WAY",528.00,E,N,A,-,Y,,,,,,,,,,Y,4,0,2,3,A,-,04,21703,,N,C,C,A,A,H,-,A,D,0,,,,,Y,,A,01,0,0,2,0,0,0,0,0,0,"- ","- ",39.185830000000003,-122.89196,LAKE,UNINCORPORATED,-122.88197346,39.140236649999999
90546476,2017,2017-09-13,9151,2017-09-05,1657,017300,,2,2,9,1700,0,1,3,,1,012,SR-20,"HIGH VALLEY ROAD",0.00,,Y,A,-,Y,,,20,,,,,,,Y,3,0,1,2,A,-,03,22350,,N,C,C,A,A,H,-,A,A,0,,,,Y,Y,,G,25,0,1,0,0,0,0,0,0,0,"- ","- ",39.027650000000001,-122.66714,LAKE,UNINCORPORATED,-122.66714009,39.027651200000001
90547417,2017,2017-09-14,9151,2017-09-08,1805,021172,,5,2,9,1700,0,1,3,,1,012,SR-20,"CATHOLIC CHURCH ROAD",528.00,W,N,A,-,Y,,,20,,,,,,,Y,3,0,1,1,A,-,01,23152,F,N,E,I,A,A,H,-,A,D,0,,,,,Y,,A,01,0,1,0,0,0,0,0,0,0,"- ","- ",39.014330000000001,-122.63718,LAKE,UNINCORPORATED,-122.63714136999999,39.014416830000002
90548081,2017,2017-09-14,9151,2017-09-08,1800,021793,,5,2,9,1700,0,1,3,,1,011,SR-20,"BRUNER DR",0.00,,Y,A,-,Y,,,20,,,,,,,Y,4,0,2,2,A,-,09,21802,A,N,D,C,A,A,H,-,A,D,0,,,,,Y,,A,01,0,0,2,0,0,0,0,0,0,"- ","- ",39.042999999999999,-122.7757,LAKE,UNINCORPORATED,-122.77572647,39.04298146
90548100,2017,2017-09-14,9151,2017-09-07,0758,021255,,4,1,9,1700,0,3,5,,2,008,"BUTTS CANYON RD","LAKE / NAPA COUNTY LINE",2112.00,W,N,B,F,N,,,,,,,,,,Y,2,0,1,1,A,-,08,22107,,N,F,A,A,B,H,-,A,D,0,,,,,Y,,A,01,1,0,0,0,0,0,0,0,0,"- ","- ",38.708669999999998,-122.47086,LAKE,UNINCORPORATED,-122.47085631,38.708577239999997
90549817,2017,2017-09-18,9151,2017-09-12,1655,017300,,2,2,9,1700,0,1,3,,2,015,SR-29,"HIGHLAND SPRINGS ROAD",8.00,N,N,A,-,Y,,,29,,,,,,,N,4,0,2,2,A,-,03,22350,,N,C,C,A,A,H,-,A,A,0,,,,,Y,,A,01,0,0,2,0,0,0,0,0,0,"- ","- ",39.000819999999997,-122.89409000000001,LAKE,UNINCORPORATED,-122.89407496,39.000851959999999
90551967,2017,2017-09-20,9151,2017-09-12,1325,015435,,2,1,9,1700,0,3,5,,2,003,"SCOTTS VALLEY ROAD","HILL ROAD",528.00,W,N,B,-,N,,,,,,,,,,Y,4,0,1,2,A,-,03,22350,,N,B,C,A,B,H,-,A,D,0,,,,,Y,,D,22,0,0,1,0,0,0,0,0,0,"- ","- ",39.06223,-122.93702,LAKE,UNINCORPORATED,-122.9370153,39.062218289999997
90553319,2017,2018-04-13,9151,2017-09-16,1250,021793,,6,1,9,1700,0,3,5,,2,008,"BUTTS CANYON RD","OAT HILL ROAD",3696.00,W,N,A,-,N,,,,,,,,,,Y,1,1,0,1,A,-,08,22107,,N,E,I,A,A,H,-,A,D,0,,,,,Y,,A,07,0,0,0,0,0,0,0,0,0,"- ","- ",38.729329999999997,-122.55414,LAKE,UNINCORPORATED,-122.55261871,38.728293620000002
90554796,2017,2017-09-25,9151,2017-09-17,1934,018337,,7,2,9,1700,0,1,3,,1,011,SR-20,"SECOND AVENUE",110.00,E,N,A,-,Y,,,20,,,,,,,N,2,0,1,2,A,-,11,21954,A,N,G,B,D,A,H,-,B,D,0,Y,,,,Y,Y,N,60,1,0,0,0,1,0,0,0,0,"- ","- ",39.094099999999997,-122.79979,LAKE,UNINCORPORATED,-122.79981248999999,39.094079409999999
90557513,2017,2017-09-27,9151,2017-09-15,1150,021793,,5,1,9,1700,0,3,5,,2,005,"GADDY LN","LOASA ROAD",869.00,N,N,A,-,N,,,,,,,,,,Y,3,0,2,2,A,-,09,21801,A,N,A,C,A,A,H,-,A,D,0,,,,Y,Y,,F,21,0,2,0,0,0,0,0,0,0,"- ","- ",38.999079999999999,-122.82902,LAKE,UNINCORPORATED,-122.84236,38.982120000000002
90557994,2017,2017-09-28,9151,2017-09-23,0632,021255,,6,1,9,1700,0,1,3,,1,011,SR-20,"ROSEMONT DRIVE",1056.00,E,N,A,-,Y,,,20,,,,,,,N,3,0,1,1,A,-,08,22107,,N,E,I,A,A,H,-,D,D,0,,,,,Y,,A,01,0,1,0,0,0,0,0,0,0,"- ","- ",39.059530000000002,-122.78119,LAKE,UNINCORPORATED,-122.78122669,39.059495140000003
90558269,2017,2017-09-28,9151,2017-09-25,1556,018337,,1,2,9,1700,0,1,3,,1,011,SR-20,"THIRD STREET",30.00,W,N,A,-,Y,,,20,,,,,,,N,4,0,2,2,A,-,03,22350,,N,C,C,A,A,H,-,A,D,0,,,,,Y,,D,22,0,0,2,0,0,0,0,0,0,"- ","- ",39.093850000000003,-122.79965,LAKE,UNINCORPORATED,-122.79962424999999,39.09387357
90560997,2017,2017-10-02,9151,2017-09-25,0755,017300,,1,1,9,1700,0,1,3,,1,011,SR-20,"STOKES AVE.",500.00,W,N,A,-,Y,,,20,,,,,,,Y,4,0,1,2,A,-,03,22350,,N,C,C,A,A,H,-,A,A,0,,,,,Y,,A,01,0,0,1,0,0,0,0,0,0,"- ","- ",39.128749999999997,-122.86763999999999,LAKE,UNINCORPORATED,-122.86763471,39.128760399999997
90561220,2017,2017-10-02,9151,2017-09-23,1609,021014,,6,2,9,1700,0,3,5,,2,008,"SEIGLER CANYON ROAD","SEIGLER SPRINGS ROAD",1200.00,E,N,A,-,N,,,,,,,,,,Y,3,0,1,2,A,-,09,21804,A,N,D,C,A,A,H,-,A,D,0,,,Y,,Y,,A,01,0,1,0,0,0,0,0,0,1,"- ","- ",38.873710000000003,-122.68852,LAKE,UNINCORPORATED,-122.68848181,38.873672390000003
90561984,2017,2017-10-03,9151,2017-09-22,1653,021014,,5,2,9,1700,0,1,3,,1,011,SR-20,"GOVERNMENT ST.",1100.00,E,N,A,-,Y,,,20,,,,,,,Y,3,0,2,2,A,-,09,21801,A,N,D,C,A,A,H,-,A,D,0,,,,,Y,,A,07,0,2,0,0,0,0,0,0,0,"- ","- ",39.161380000000001,-122.90076000000001,LAKE,UNINCORPORATED,-122.90076130999999,39.161369219999997