CASE_ID,ACCIDENT_YEAR,PROC_DATE,JURIS,COLLISION_DATE,COLLISION_TIME,OFFICER_ID,REPORTING_DISTRICT,DAY_OF_WEEK,CHP_SHIFT,POPULATION,CNTY_CITY_LOC,SPECIAL_COND,BEAT_TYPE,CHP_BEAT_TYPE,CITY_DIVISION_LAPD,CHP_BEAT_CLASS,BEAT_NUMBER,PRIMARY_RD,SECONDARY_RD,DISTANCE,DIRECTION,INTERSECTION,WEATHER_1,WEATHER_2,STATE_HWY_IND,CALTRANS_COUNTY,CALTRANS_DISTRICT,STATE_ROUTE,ROUTE_SUFFIX,POSTMILE_PREFIX,POSTMILE,LOCATION_TYPE,RAMP_INTERSECTION,SIDE_OF_HWY,TOW_AWAY,COLLISION_SEVERITY,NUMBER_KILLED,NUMBER_INJURED,PARTY_COUNT,PRIMARY_COLL_FACTOR,PCF_CODE_OF_VIOL,PCF_VIOL_CATEGORY,PCF_VIOLATION,PCF_VIOL_SUBSECTION,HIT_AND_RUN,TYPE_OF_COLLISION,MVIW,PED_ACTION,ROAD_SURFACE,ROAD_COND_1,ROAD_COND_2,LIGHTING,CONTROL_DEVICE,CHP_ROAD_TYPE,PEDESTRIAN_ACCIDENT,BICYCLE_ACCIDENT,MOTORCYCLE_ACCIDENT,TRUCK_ACCIDENT,NOT_PRIVATE_PROPERTY,ALCOHOL_INVOLVED,STWD_VEHTYPE_AT_FAULT,CHP_VEHTYPE_AT_FAULT,COUNT_SEVERE_INJ,COUNT_VISIBLE_INJ,COUNT_COMPLAINT_PAIN,COUNT_PED_KILLED,COUNT_PED_INJURED,COUNT_BICYCLIST_KILLED,COUNT_BICYCLIST_INJURED,COUNT_MC_KILLED,COUNT_MC_INJURED,PRIMARY_RAMP,SECONDARY_RAMP,LATITUDE,LONGITUDE,COUNTY,CITY,POINT_X,POINT_Y
91139412,2019,2019-12-10,9151,2019-11-26,1420,021759,,2,2,9,1700,0,1,3,,1,022,SR-20,"WALKER RIDGE RD",500.00,W,N,C,-,Y,,,20,,,,,,,Y,4,0,1,2,A,-,03,22350,,N,A,C,A,B,H,-,A,D,0,,,,,Y,,A,01,0,0,1,0,0,0,0,0,0,"- ","- ",39.023170471191406,-122.45996856689453,LAKE,UNINCORPORATED,-122.4599609375,39.023189544677734
91140213,2019,2019-12-10,9151,2019-12-01,1244,017904,,7,1,9,1700,0,1,3,,1,022,SR-20,"WALKER RIDGE RD.",8976.00,W,N,C,-,Y,,,20,,,,,,,Y,4,0,1,1,A,-,03,22350,,N,E,I,A,B,H,-,A,D,0,,,,,Y,,A,01,0,0,1,0,0,0,0,0,0,"- ","- ",39.022968292236328,-122.48178863525391,LAKE,UNINCORPORATED,-122.48181915283203,39.022903442382812
91140255,2019,2019-12-10,9151,2019-12-02,1355,020955,,1,1,9,1700,0,1,3,,1,012,SR-20,"WHISNER LN",15.00,E,N,B,C,Y,,,20,,,,,,,Y,3,0,1,2,A,-,03,22350,,N,C,C,A,B,H,-,A,D,0,,,,,Y,,A,01,0,1,0,0,0,0,0,0,0,"- ","- ",39.013229370117188,-122.63287353515625,LAKE,UNINCORPORATED,-122.63287353515625,39.013217926025391
91140340,2019,2019-12-10,9151,2019-12-02,1310,020955,,1,1,9,1700,0,1,3,,1,016,SR-53,SR-20,330.00,S,N,B,C,Y,,,53,,,,,,,Y,3,0,1,1,A,-,08,22107,,N,E,I,A,B,D,H,A,A,0,,,,,Y,,A,01,0,1,0,0,0,0,0,0,0,"- ","- ",39.007980346679688,-122.61328887939453,LAKE,UNINCORPORATED,-122.61334228515625,39.007946014404297
91140409,2019,2019-12-10,9151,2019-12-04,1900,015435,,3,2,9,1700,0,3,5,,2,005,"KONOCTI ROAD","VISTA MOUNTAIN ESTATES RD",11616.00,N,N,C,-,N,,,,,,,,,,Y,3,0,1,1,A,-,08,22107,,N,E,I,A,B,H,-,D,D,0,,,,,Y,,A,01,0,1,0,0,0,0,0,0,0,"- ","- ",38.970809936523438,-122.79766082763672,LAKE,UNINCORPORATED,-122.79766082763672,38.970809936523438
91141339,2019,2019-12-11,9151,2019-12-01,0555,021014,,7,3,9,1700,0,1,3,,1,011,SR-20,"OLSEN RD",22.00,E,N,B,C,Y,,,20,,,,,,,Y,2,0,1,1,A,-,08,22107,,N,F,I,A,B,H,-,D,D,0,,,,,Y,,D,22,1,0,0,0,0,0,0,0,0,"- ","- ",39.020618438720703,-122.70806121826172,LAKE,UNINCORPORATED,-122.70806121826172,39.020595550537109
91141376,2019,2019-12-11,9151,2019-12-01,1419,020522,,7,2,9,1700,0,1,3,,1,022,SR-20,"WATERTROUGH ROAD",2640.00,E,N,B,C,Y,,,20,,,,,,,Y,2,0,2,1,A,-,08,22107,,N,E,I,A,B,H,-,A,D,0,,,,,Y,,A,01,2,0,0,0,0,0,0,0,0,"- ","- ",39.022491455078125,-122.48091888427734,LAKE,UNINCORPORATED,-122.48091888427734,39.022487640380859
91141385,2019,2019-12-11,9151,2019-12-02,1639,022397,,1,2,9,1700,0,1,3,,2,018,SR-29,"RANCHERIA ROAD",0.00,,Y,B,C,Y,,,29,,,,,,,N,4,0,1,2,A,-,09,21804,A,N,D,C,A,B,H,-,C,A,0,,,,,Y,,A,07,0,0,1,0,0,0,0,0,0,"- ","- ",38.731529235839844,-122.62286376953125,LAKE,UNINCORPORATED,-122.62279510498047,38.731571197509766
91142769,2019,2019-12-13,9151,2019-11-26,1300,019533,,2,1,9,1700,0,1,3,,1,024,SR-29,"SIEGLER CANYON RD.",528.00,S,N,C,-,Y,,,29,,,,,,,Y,4,0,1,2,A,-,03,22350,,N,C,C,A,B,H,-,A,D,0,,,,,Y,,A,07,0,0,1,0,0,0,0,0,0,"- ","- ",38.910480499267578,-122.63215637207031,LAKE,UNINCORPORATED,-122.63215637207031,38.910438537597656
91143976,2019,2019-12-16,9151,2019-12-10,1300,016093,,2,1,9,1700,0,1,3,,1,016,SR-53,SR-29,460.00,N,N,B,-,Y,,,53,,,,,,,N,4,0,1,2,A,-,03,22350,,N,C,C,A,A,H,-,A,D,0,,,,,Y,,D,22,0,0,1,0,0,0,0,0,0,"- ","- ",38.911579132080078,-122.61239624023438,LAKE,UNINCORPORATED,-122.61232757568359,38.911579132080078
91145207,2019,2019-12-17,9151,2019-12-13,2100,020326,,5,2,9,1700,0,1,3,,1,035,SR-281,"TENINO WAY",528.00,N,N,B,C,Y,,,281,,,,,,,Y,2,0,1,1,A,-,08,22107,,N,E,I,A,B,H,-,D,D,0,,,,,Y,,D,22,1,0,0,0,0,0,0,0,0,"- ","- ",38.958911895751953,-122.72830200195312,LAKE,UNINCORPORATED,-122.72837829589844,38.958900451660156
91145539,2019,2019-12-17,9151,2019-12-11,1750,022419,,3,2,9,1700,0,1,3,,1,023,"SR-175 (HOPLAND EXT)",SR-29,15.00,E,N,C,-,Y,,,175,,,,,,,N,3,0,1,2,A,-,05,21460,A,N,D,C,A,B,H,-,C,A,0,,,,,Y,,A,01,0,1,0,0,0,0,0,0,0,"- ","- ",39.016899108886719,-122.91282653808594,LAKE,UNINCORPORATED,-122.91291046142578,39.01690673828125
91152863,2019,2019-12-26,9151,2019-12-20,1722,020326,,5,2,9,1700,0,1,3,,1,035,SR-281,"FAIRWAY DR",0.00,,Y,B,-,Y,,,281,,,,,,,Y,4,0,1,2,A,-,09,21802,A,N,D,C,A,A,H,-,D,D,0,,,,,Y,,A,07,0,0,1,0,0,0,0,0,0,"- ","- ",38.953048706054688,-122.72878265380859,LAKE,UNINCORPORATED,-122.72874450683594,38.952999114990234
91152878,2019,2019-12-26,9151,2019-12-24,1615,020326,,2,2,9,1700,0,1,3,,1,017,SR-175,"WILDCAT RD",3168.00,N,N,B,-,Y,,,175,,,,,,,Y,3,0,2,1,A,-,08,22107,,N,E,I,A,B,H,-,D,D,0,,,,,Y,,A,01,0,2,0,0,0,0,0,0,0,"- ","- ",38.894821166992188,-122.73751068115234,LAKE,UNINCORPORATED,-122.73755645751953,38.894763946533203
91153868,2019,2019-12-27,9151,2019-12-20,2113,021793,,5,2,9,1700,0,1,3,,2,018,SR-29,"CLAYTON CREEK ROAD",1584.00,S,N,A,-,Y,,,29,,,,,,,Y,4,0,2,1,C,-,18,,,N,E,H,A,A,H,-,D,D,0,,,,,Y,,-,"- ",0,0,2,0,0,0,0,0,0,"- ","- ",38.897029876708984,-122.60887145996094,LAKE,UNINCORPORATED,-122.60890197753906,38.897010803222656
91153880,2019,2019-12-27,9151,2019-12-24,1815,020326,,2,2,9,1700,0,1,3,,1,016,SR-53,"ORCHARD ST",18.00,S,N,B,C,Y,,,53,,,,,,,Y,4,0,3,2,A,-,09,21801,A,N,D,C,A,B,H,-,C,D,0,,,,,Y,,A,01,0,0,3,0,0,0,0,0,0,"- ","- ",38.912288665771484,-122.612060546875,LAKE,UNINCORPORATED,-122.61224365234375,38.912288665771484
91156237,2019,2019-12-31,9151,2019-12-27,0430,021761,,5,3,9,1700,0,1,3,,2,018,SR-29,"BAR X ENTRANCE RD",500.00,S,N,A,-,Y,,,29,,,,,,,Y,3,0,1,1,A,-,03,22350,,N,F,A,A,C,H,-,D,D,0,,,,,Y,,D,22,0,1,0,0,0,0,0,0,0,"- ","- ",38.767559051513672,-122.58779907226562,LAKE,UNINCORPORATED,-122.58777618408203,38.767539978027344
91159921,2019,2020-01-06,9151,2019-12-25,0700,021014,,3,1,9,1700,0,1,3,,1,022,SR-20,"WALKER RIDGE RD",2640.00,E,N,B,C,Y,,,20,,,,,,,Y,3,0,1,1,A,-,08,22107,,N,F,A,A,B,H,-,B,D,0,,,,,Y,,A,07,0,1,0,0,0,0,0,0,0,"- ","- ",39.019371032714844,-122.44650268554688,LAKE,UNINCORPORATED,-122.44654083251953,39.019321441650391
91160038,2020,2020-01-06,9151,2020-01-04,1810,020522,,6,2,9,1700,0,1,3,,2,018,SR-29,"CENTRAL PARK RD",1056.00,S,N,A,-,Y,,,29,,,,,,,Y,3,0,1,2,A,-,03,22350,,N,C,C,A,A,H,-,D,D,0,,,,,Y,,A,01,0,1,0,0,0,0,0,0,0,"- ","- ",38.740558624267578,-122.62497711181641,LAKE,UNINCORPORATED,-122.62497711181641,38.740558624267578
91161152,2019,2020-01-07,9151,2019-10-29,1518,020848,,2,2,9,1700,0,1,3,,1,011,SR-20,"MANZANITA AVENUE",132.00,E,N,A,-,Y,,,20,,,,,,,Y,1,1,1,3,A,-,08,22107,,N,A,C,A,A,H,-,A,D,0,,,,Y,Y,,A,08,0,1,0,0,0,0,0,0,0,"- ","- ",39.122898101806641,-122.84375762939453,LAKE,UNINCORPORATED,-122.84375762939453,39.122901916503906
91161495,2019,2020-01-08,9151,2019-10-27,2320,021759,,7,3,9,1700,0,1,3,,1,022,SR-20,"NEW LONG VALLEY RD",21120.00,E,N,A,-,Y,,,20,,,,,,,Y,1,1,1,1,A,-,03,22350,,N,E,I,A,A,H,-,D,D,0,,,,,Y,,A,01,0,0,1,0,0,0,0,0,0,"- ","- ",38.996318817138672,-122.52005767822266,LAKE,UNINCORPORATED,-122.52005767822266,38.996303558349609
91162613,2020,2020-01-09,9151,2020-01-01,1143,015855,,3,1,9,1700,0,1,3,,2,015,SR-29,"BELL HILL RD",0.00,,Y,B,-,Y,,,29,,,,,,,Y,3,0,2,2,A,-,09,21802,A,N,D,C,A,A,H,-,A,A,0,,,,,Y,,D,22,0,1,1,0,0,0,0,0,0,"- ","- ",38.97589111328125,-122.84275054931641,LAKE,UNINCORPORATED,-122.84279632568359,38.97576904296875
91163404,2020,2020-01-10,9151,2020-01-02,1741,022397,,4,2,9,1700,0,3,5,,2,007,"BOTTLE ROCK ROAD",SR-175,1056.00,N,N,B,-,N,,,,,,,,,,Y,2,0,1,1,A,-,01,23152,A,N,E,I,A,B,H,-,D,D,0,,,,,Y,Y,D,22,1,0,0,0,0,0,0,0,0,"- ","- ",38.824089050292969,-122.72312927246094,LAKE,UNINCORPORATED,-122.72405242919922,38.824520111083984
91167121,2020,2020-01-16,9151,2020-01-09,1931,022397,,4,2,9,1700,0,1,3,,2,015,SR-29,"SMITH RANCH ROAD",25.00,S,N,B,-,Y,,,29,,,,,,,Y,2,0,2,2,A,-,03,22350,,N,C,C,A,B,H,-,D,D,0,,,,,Y,Y,D,22,1,0,1,0,0,0,0,0,0,"- ","- ",38.942420959472656,-122.76801300048828,LAKE,UNINCORPORATED,-122.76801300048828,38.942413330078125
91168529,2020,2020-01-20,9151,2020-01-08,1926,022419,,3,2,9,1700,0,1,3,,1,024,SR-29,"CONSERVATION CAMP 27",4224.00,S,N,B,-,Y,,,29,,,,,,,Y,2,0,1,1,A,-,08,22107,,N,E,I,A,A,H,-,D,D,0,,,,,Y,,A,07,1,0,0,0,0,0,0,0,0,"- ","- ",38.918460845947266,-122.70719146728516,LAKE,UNINCORPORATED,-122.70725250244141,38.918354034423828
91169247,2020,2020-01-21,9151,2020-01-15,2009,022397,,3,2,9,1700,0,3,5,,2,001,"COUNTRY CLUB DRIVE","5TH AVENUE",75.00,E,N,B,-,N,,,,,,,,,,N,2,0,1,1,A,-,08,22107,,N,E,I,A,B,H,-,C,D,0,,,Y,,Y,Y,C,02,1,0,0,0,0,0,0,0,1,"- ","- ",39.093620300292969,-122.79496002197266,LAKE,UNINCORPORATED,-122.79491424560547,39.093677520751953
91171275,2020,2020-01-23,9151,2020-01-16,1054,021419,,4,1,9,1700,0,1,3,,1,011,SR-20,"FOOTHILL DR",528.00,E,N,B,C,Y,,,20,,,,,,,Y,4,0,1,1,A,-,03,22350,,N,E,I,A,B,H,-,A,D,0,,,,,Y,,A,01,0,0,1,0,0,0,0,0,0,"- ","- ",39.102401733398438,-122.80829620361328,LAKE,UNINCORPORATED,-122.80829620361328,39.102405548095703
91171307,2020,2020-01-23,9151,2020-01-17,0745,017904,,5,1,9,1700,0,3,5,,2,004,"POINT LAKEVIEW RD.","EMERALD DR.",528.00,E,N,B,-,N,,,,,,,,,,Y,4,0,1,1,A,-,03,22350,,N,E,I,A,C,H,-,A,D,0,,,,,Y,,A,07,0,0,1,0,0,0,0,0,0,"- ","- ",38.954200744628906,-122.72402954101562,LAKE,UNINCORPORATED,-122.72377014160156,38.954269409179688
91171521,2020,2020-01-23,9151,2020-01-19,0855,021419,,7,1,9,1700,0,1,3,,1,011,SR-20,"VERNA WAY",2112.00,E,N,A,-,Y,,,20,,,,,,,Y,2,0,1,1,A,-,08,22107,,N,E,I,A,A,H,-,A,D,0,,,,Y,Y,,G,27,1,0,0,0,0,0,0,0,0,"- ","- ",39.040000915527344,-122.75813293457031,LAKE,UNINCORPORATED,-122.75814056396484,39.040069580078125
91172890,2020,2020-01-24,9151,2020-01-17,1920,020848,,5,2,9,1700,0,1,3,,1,013,SR-29,"TULE LAKE RD",306.00,S,N,A,-,Y,,,29,,,,,,,Y,4,0,1,1,A,-,08,22107,,N,E,I,A,A,H,-,D,D,0,,,,,Y,,A,01,0,0,1,0,0,0,0,0,0,"- ","- ",39.1556396484375,-122.92076110839844,LAKE,UNINCORPORATED,-122.92082214355469,39.1556396484375
91172897,2020,2020-01-24,9151,2020-01-20,0740,015435,,1,1,9,1700,0,1,3,,1,023,"SR-175 (HOPLAND)","MATTHEWS ROAD",1056.00,W,N,B,-,Y,,,175,,,,,,,Y,3,0,1,1,A,-,08,22107,,N,E,I,A,A,H,-,A,D,0,,,,,Y,,A,01,0,1,0,0,0,0,0,0,0,"- ","- ",38.998958587646484,-122.91629028320312,LAKE,UNINCORPORATED,-122.91630554199219,38.999015808105469
91172983,2020,2020-01-24,9151,2020-01-22,1619,022397,,3,2,9,1700,0,1,3,,1,011,SR-20,"BRUNER DR",26.00,W,N,B,-,Y,,,20,,,,,,,N,4,0,1,2,A,-,03,22350,,N,C,C,A,A,H,-,A,D,0,,,,,Y,,A,07,0,0,1,0,0,0,0,0,0,"- ","- ",39.043128967285156,-122.77586364746094,LAKE,UNINCORPORATED,-122.77584838867188,39.043140411376953
91174101,2019,2020-03-03,9151,2019-11-05,2034,020848,,2,2,9,1700,0,1,3,,1,011,SR-20,"HUDSON AVE",145.00,E,N,A,-,Y,,,20,,,,,,,N,1,1,0,2,A,-,11,21954,A,N,G,B,D,A,H,-,D,D,0,Y,,,,Y,,N,60,0,0,0,1,0,0,0,0,0,"- ","- ",39.121589660644531,-122.83957672119141,LAKE,UNINCORPORATED,-122.83956909179688,39.121631622314453
91174229,2020,2020-01-27,9151,2020-01-18,0255,021793,,6,3,9,1700,0,3,5,,2,003,"SCOTTS VALLEY ROAD","MOUNTVIEW ROAD",1320.00,W,N,A,-,N,,,,,,,,,,Y,3,0,1,1,A,-,01,23152,A,M,E,I,A,A,H,-,D,D,0,,,,,Y,Y,A,01,0,1,0,0,0,0,0,0,0,"- ","- ",39.050178527832031,-122.93662261962891,LAKE,UNINCORPORATED,-122.93699645996094,39.051364898681641
91174265,2020,2020-01-27,9151,2020-01-19,1913,022419,,7,2,2,1701,0,1,3,,1,011,SR-20,"VERNA WAY",1056.00,E,N,A,-,Y,,,,,,,,,,Y,2,0,3,2,A,-,05,21460,A,N,B,C,A,A,H,-,D,D,0,,,,Y,Y,,A,07,1,2,0,0,0,0,0,0,0,"- ","- ",39.039649963378906,-122.76220703125,LAKE,LAKEPORT,-122.76125335693359,39.039810180664062
91174273,2020,2020-01-27,9151,2020-01-23,1956,022397,,4,2,9,1700,0,1,3,,2,015,SR-29,"COLE CREEK ROAD",3696.00,N,N,B,-,Y,,,29,,,,,,,Y,4,0,1,1,A,-,08,22107,,N,E,I,A,B,H,-,D,D,0,,,,,Y,,A,01,0,0,1,0,0,0,0,0,0,"- ","- ",38.957908630371094,-122.82769012451172,LAKE,UNINCORPORATED,-122.82769012451172,38.957908630371094
91174289,2020,2020-01-27,9151,2020-01-24,1103,017904,,5,1,9,1700,0,1,3,,1,023,SR-175,"MATTHEWS RD.",7392.00,W,N,B,-,Y,,,175,,,,,,,Y,3,0,1,1,A,-,08,22107,,N,E,I,A,A,H,-,A,D,0,,,,,Y,,A,01,0,1,0,0,0,0,0,0,0,"- ","- ",38.996158599853516,-122.93753051757812,LAKE,UNINCORPORATED,-122.93751525878906,38.996067047119141
91175172,2020,2020-01-28,9151,2020-01-23,0450,015435,,4,3,9,1700,0,1,3,,2,015,SR-29,"COLE CREEK RD",528.00,S,N,A,-,Y,,,29,,,,,,,Y,2,0,1,1,A,-,08,22107,,N,E,I,A,A,H,-,D,D,0,,,,,Y,,A,01,1,0,0,0,0,0,0,0,0,"- ","- ",38.949359893798828,-122.82556915283203,LAKE,UNINCORPORATED,-122.82549285888672,38.949405670166016
91175982,2020,2020-01-29,9151,2020-01-26,2355,021255,,7,3,9,1700,0,1,3,,1,035,SR-281,"INCA WAY",2640.00,S,N,A,-,Y,,,281,,,,,,,Y,4,0,1,2,C,-,18,,,N,A,C,A,A,C,H,D,D,0,,,,,Y,,-,"- ",0,0,1,0,0,0,0,0,0,"- ","- ",38.941509246826172,-122.73834228515625,LAKE,UNINCORPORATED,-122.73833465576172,38.941505432128906
91176009,2020,2020-01-29,9151,2020-01-27,0705,015435,,1,1,9,1700,0,1,3,,1,013,SR-29,"SR-175 (HOPLAND)",0.00,,Y,B,-,Y,,,29,,,,,,,Y,3,0,4,2,A,-,09,21453,C,N,A,C,A,B,H,-,A,A,0,,,,,Y,,A,07,0,4,0,0,0,0,0,0,0,"- ","- ",39.016918182373047,-122.91285705566406,LAKE,UNINCORPORATED,-122.91290283203125,39.016891479492188
91178612,2020,2020-02-03,9151,2020-01-27,1938,022419,,1,2,9,1700,0,1,3,,1,016,SR-53,"ANDERSON RANCH PKWY",91.00,S,N,B,-,Y,,,53,,,,,,,N,2,0,1,2,A,-,11,21956,,N,G,B,E,A,H,-,D,D,0,Y,,,,Y,,N,60,1,0,0,0,1,0,0,0,0,"- ","- ",38.918121337890625,-122.61216735839844,LAKE,UNINCORPORATED,-122.61224365234375,38.918121337890625
91180389,2020,2020-02-05,9151,2020-01-30,1637,022397,,4,2,9,1700,0,1,3,,2,018,SR-29,"AGUA DULCE DRIVE",528.00,N,N,B,-,Y,,,29,,,,,,,Y,4,0,2,3,A,-,03,22350,,M,C,C,A,A,H,-,A,D,0,,,,,Y,,A,01,0,0,2,0,0,0,0,0,0,"- ","- ",38.860061645507812,-122.62847137451172,LAKE,UNINCORPORATED,-122.62848663330078,38.860061645507812
91180543,2020,2020-02-10,9151,2020-01-30,1600,020848,,4,2,9,1700,0,3,5,,2,005,"MERRITT RD",SR-29,631.00,E,N,A,-,N,,,,,,,,,,Y,2,0,2,3,A,-,03,22350,,N,C,C,A,A,H,-,A,D,0,,,Y,,Y,,A,07,1,1,0,0,0,0,0,0,1,"- ","- ",38.982318878173828,-122.85117340087891,LAKE,UNINCORPORATED,,
91180569,2019,2020-02-05,9151,2019-08-18,1235,019533,,7,1,9,1700,0,2,4,,2,025,"SODA BAY ROAD","MONTEZUMA WAY",2640.00,S,N,A,-,N,,,,,,,,,,Y,1,1,0,2,A,-,05,21460,A,N,A,C,A,A,H,-,A,D,0,,,Y,,Y,,C,02,0,0,0,0,0,0,0,1,0,"- ","- ",38.971691131591797,-122.74494171142578,LAKE,UNINCORPORATED,-122.74332427978516,38.973041534423828
91180993,2020,2020-02-05,9151,2020-01-05,1513,020522,,7,2,9,1700,0,1,3,,1,017,"SR-175 (COBB)",SR-29,2640.00,E,N,A,-,Y,,,175,,,,,,,Y,1,1,0,1,A,-,08,22107,,N,E,I,A,A,H,-,A,D,0,,,,,Y,,A,07,0,0,0,0,0,0,0,0,0,"- ","- ",38.937759399414062,-122.78507232666016,LAKE,UNINCORPORATED,-122.78509521484375,38.937728881835938
91181951,2020,2020-02-06,9151,2020-01-29,1355,015435,,3,1,9,1700,0,1,3,,1,012,SR-20,"MANZANITA STREET",1584.00,E,N,A,-,Y,,,20,,,,,,,Y,3,0,2,2,A,-,21,22106,,N,B,C,A,A,H,-,A,D,0,,,,,Y,,A,07,0,2,0,0,0,0,0,0,0,"- ","- ",39.117229461669922,-122.83038330078125,LAKE,UNINCORPORATED,-122.83037567138672,39.117244720458984
91183503,2020,2020-02-10,9151,2020-02-04,0630,019533,,2,1,9,1700,0,1,3,,1,011,SR-20,"BARTLETT SPRINGS RD.",528.00,E,N,A,-,Y,,,20,,,,,,,Y,3,0,2,2,C,-,18,,,N,C,C,A,A,H,-,D,D,0,,,,,Y,,-,"- ",0,2,0,0,0,0,0,0,0,"- ","- ",39.109138488769531,-122.81683349609375,LAKE,UNINCORPORATED,-122.81683349609375,39.109130859375
91183509,2020,2020-02-10,9151,2020-02-05,1212,021419,,3,1,9,1700,0,1,3,,1,024,SR-29,"DIENER DRIVE",3168.00,N,N,A,-,Y,,,29,,,,,,,Y,3,0,1,1,A,-,08,22107,,N,F,A,A,A,H,-,A,D,0,,,,,Y,,A,01,0,1,0,0,0,0,0,0,0,"- ","- ",38.911350250244141,-122.68025207519531,LAKE,UNINCORPORATED,-122.68028259277344,38.911285400390625
91183846,2019,2020-03-25,9151,2019-12-17,1730,020354,,2,2,9,1700,0,2,4,,2,025,"SODA BAY ROAD","MISSION RANCHERIA ROAD",1320.00,E,N,A,G,N,,,,,,,,,,N,1,1,0,2,A,-,11,21956,,N,G,B,E,A,H,-,D,D,0,Y,,,,Y,Y,N,60,0,0,0,1,0,0,0,0,0,"- ","- ",39.014858245849609,-122.88175201416016,LAKE,UNINCORPORATED,-122.88273620605469,39.014881134033203
91185212,2020,2020-02-12,9151,2020-02-09,0512,022397,,7,3,9,1700,0,3,5,,2,007,"BOTTLE ROCK ROAD","NANCY DRIVE",15.00,N,N,A,-,N,,,,,,,,,,Y,2,0,1,1,A,-,08,22107,,N,E,I,A,A,H,-,D,D,0,,,,,Y,,D,22,1,0,0,0,0,0,0,0,0,"- ","- ",38.908760070800781,-122.79438018798828,LAKE,UNINCORPORATED,-122.79438781738281,38.908664703369141
91185705,2020,2020-02-12,9151,2020-02-08,1302,017904,,6,1,9,1700,0,3,5,,2,005,"KONOCTI RD.","VISTA MOUNTAIN ESTATES RD.",528.00,E,N,A,-,N,,,,,,,,,,Y,4,0,1,1,A,-,03,22350,,N,E,I,A,A,B,G,A,D,0,,,,,Y,,A,07,0,0,1,0,0,0,0,0,0,"- ","- ",38.973239898681641,-122.81223297119141,LAKE,UNINCORPORATED,,
91185716,2020,2020-02-12,9151,2020-02-08,0124,022397,,6,3,9,1700,0,1,3,,1,028,SR-175,"SOCRATES MINE ROAD",513.00,W,N,B,-,Y,,,175,,,,,,,Y,4,0,1,1,A,-,01,23152,A,N,E,I,A,A,H,-,D,D,0,,,,,Y,Y,A,08,0,0,1,0,0,0,0,0,0,"- ","- ",38.782760620117188,-122.68701171875,LAKE,UNINCORPORATED,-122.68700408935547,38.782764434814453
91185990,2020,2020-02-13,9151,2020-02-10,1438,020326,,1,2,9,1700,0,2,4,,2,043,"LAKESHORE BLVD.","WALNUT DR.",30.00,S,N,A,-,N,,,,,,,,,,N,4,0,2,2,A,-,03,22350,,N,C,C,A,A,H,-,A,D,0,,,,,Y,,A,01,0,0,2,0,0,0,0,0,0,"- ","- ",39.091621398925781,-122.90287017822266,LAKE,UNINCORPORATED,-122.90289306640625,39.091690063476562
91186841,2019,2020-03-26,9151,2019-12-20,1758,020354,,5,2,9,1700,0,1,3,,1,022,SR-20,"NEW LONG VALLEY ROAD",10032.00,E,N,A,-,Y,,,20,,,,,,,Y,1,1,0,1,A,-,08,22107,,N,E,I,A,A,H,-,D,D,0,,,,,Y,Y,A,01,0,0,0,0,0,0,0,0,0,"- ","- ",38.995891571044922,-122.55284118652344,LAKE,UNINCORPORATED,-122.55278778076172,38.995979309082031
91186874,2020,2020-02-14,9151,2020-02-10,0355,021255,,1,3,9,1700,0,1,3,,1,011,SR-20,"BLUE LAKES RD",3168.00,W,N,A,-,Y,,,20,,,,,,,Y,3,0,1,2,A,-,01,23152,F,N,C,C,A,A,H,-,D,D,0,,,,Y,Y,,D,22,0,1,0,0,0,0,0,0,0,"- ","- ",39.190540313720703,-123.03932952880859,LAKE,UNINCORPORATED,-123.03932952880859,39.190544128417969
91190085,2020,2020-02-20,9151,2020-02-07,1800,019200,,5,2,9,1700,0,1,3,,2,015,SR-29,SR-281,2112.00,N,N,A,-,Y,,,29,,,,,,,Y,4,0,1,1,C,-,18,,,N,E,I,A,A,H,-,D,D,0,,,,,Y,,-,"- ",0,0,1,0,0,0,0,0,0,"- ","- ",38.933238983154297,-122.75002288818359,LAKE,UNINCORPORATED,-122.75006103515625,38.933174133300781
91190255,2020,2020-02-20,9151,2020-02-11,1955,020326,,2,2,9,1700,0,1,3,,1,012,SR-20,"ISLAND DR",528.00,W,N,A,-,Y,,,20,,,,,,,Y,2,0,1,1,A,-,08,22107,,N,E,I,A,A,H,-,D,D,0,,,Y,,Y,,C,02,1,0,0,0,0,0,0,0,1,"- ","- ",39.019481658935547,-122.67765808105469,LAKE,UNINCORPORATED,-122.67765045166016,39.019527435302734
91190405,2020,2020-02-20,9151,2020-02-17,1505,020522,,1,2,9,1700,0,3,5,,2,002,"FOOTHILL BOULEVARD","PINE STREET",40.00,S,N,A,-,N,,,,,,,,,,Y,3,0,1,2,A,-,01,23152,A,N,C,E,A,A,H,-,A,D,0,,,,,Y,Y,A,01,0,1,0,0,0,0,0,0,0,"- ","- ",39.0224609375,-122.67562103271484,LAKE,UNINCORPORATED,-122.67560577392578,39.022476196289062