CASE_ID,ACCIDENT_YEAR,PROC_DATE,JURIS,COLLISION_DATE,COLLISION_TIME,OFFICER_ID,REPORTING_DISTRICT,DAY_OF_WEEK,CHP_SHIFT,POPULATION,CNTY_CITY_LOC,SPECIAL_COND,BEAT_TYPE,CHP_BEAT_TYPE,CITY_DIVISION_LAPD,CHP_BEAT_CLASS,BEAT_NUMBER,PRIMARY_RD,SECONDARY_RD,DISTANCE,DIRECTION,INTERSECTION,WEATHER_1,WEATHER_2,STATE_HWY_IND,CALTRANS_COUNTY,CALTRANS_DISTRICT,STATE_ROUTE,ROUTE_SUFFIX,POSTMILE_PREFIX,POSTMILE,LOCATION_TYPE,RAMP_INTERSECTION,SIDE_OF_HWY,TOW_AWAY,COLLISION_SEVERITY,NUMBER_KILLED,NUMBER_INJURED,PARTY_COUNT,PRIMARY_COLL_FACTOR,PCF_CODE_OF_VIOL,PCF_VIOL_CATEGORY,PCF_VIOLATION,PCF_VIOL_SUBSECTION,HIT_AND_RUN,TYPE_OF_COLLISION,MVIW,PED_ACTION,ROAD_SURFACE,ROAD_COND_1,ROAD_COND_2,LIGHTING,CONTROL_DEVICE,CHP_ROAD_TYPE,PEDESTRIAN_ACCIDENT,BICYCLE_ACCIDENT,MOTORCYCLE_ACCIDENT,TRUCK_ACCIDENT,NOT_PRIVATE_PROPERTY,ALCOHOL_INVOLVED,STWD_VEHTYPE_AT_FAULT,CHP_VEHTYPE_AT_FAULT,COUNT_SEVERE_INJ,COUNT_VISIBLE_INJ,COUNT_COMPLAINT_PAIN,COUNT_PED_KILLED,COUNT_PED_INJURED,COUNT_BICYCLIST_KILLED,COUNT_BICYCLIST_INJURED,COUNT_MC_KILLED,COUNT_MC_INJURED,PRIMARY_RAMP,SECONDARY_RAMP,LATITUDE,LONGITUDE,COUNTY,CITY,POINT_X,POINT_Y
94391379,2024,2024-09-12,9151,2024-09-04,1030,023182,,3,1,9,1700,0,3,5,,2,008,POINTLAKEVIEW,SR-29,7867.00,N,N,A,-,N,,,,,,,,,,Y,4,0,1,2,B,-,22,,,N,C,C,A,A,G,-,A,D,0,,,,,Y,,J,41,0,0,1,0,0,0,0,0,0,"- ","- ",38.921878814697266,-122.66474151611328,LAKE,UNINCORPORATED,-122.66483306884766,38.921783447265625
94391407,2024,2024-09-12,9151,2024-09-09,1830,023964,,1,2,9,1700,0,3,5,,2,002,"NEW LONG VALLEY ROAD",SR-20,6336.00,N,N,A,-,N,,,,,,,,,,Y,2,0,2,1,A,-,08,22107,,N,F,A,A,A,H,-,A,D,0,,,,,Y,,A,01,2,0,0,0,0,0,0,0,0,"- ","- ",39.033260345458984,-122.57480621337891,LAKE,UNINCORPORATED,-122.57484436035156,39.033123016357422
94391424,2024,2024-11-12,9151,2024-09-03,"840 ",023971,,2,1,9,1700,0,3,5,,2,008,"BOTTLE ROCK RD","UTILITY POLL #55",211.00,W,N,A,-,N,,,,,,,,,,Y,3,0,1,1,A,-,08,22107,,N,F,A,A,A,H,-,A,D,0,,,Y,,Y,,C,02,0,1,0,0,0,0,0,0,1,"- ","- ",38.847068786621094,-122.75475311279297,LAKE,UNINCORPORATED,,
94395004,2024,2024-09-16,9151,2024-09-03,"940 ",019181,,2,1,9,1700,0,1,3,,2,018,SR-29,"WESTERN MINE ROAD",528.00,N,N,A,-,Y,LAK,,29," "," ",3.747,H,,R,Y,2,0,1,1,A,-,08,22107,,N,F,A,A,A,H,-,A,D,0,,,,Y,Y,,F,26,1,0,0,0,0,0,0,0,0,"- ","- ",38.726329803466797,-122.61949920654297,LAKE,UNINCORPORATED,-122.61943817138672,38.726348876953125
94395213,2024,2024-09-16,9151,2024-09-06,"830 ",023182,,5,1,9,1700,0,1,3,,1,022,"SR-20 W/B","WATERTROUGH ROAD",1800.00,E,N,A,-,Y,LAK,,20," ",R,41.663,H,,L,Y,4,0,1,1,A,-,03,22350,,N,E,I,A,A,H,-,A,D,0,,,Y,,Y,,C,02,0,0,1,0,0,0,0,0,1,"- ","- ",39.02301025390625,-122.48565673828125,LAKE,UNINCORPORATED,-122.48564147949219,39.022972106933594
94395632,2024,2024-09-16,9151,2024-09-10,2132,023964,,2,2,9,1700,0,1,3,,1,013,SR-29,"MOCKINGBIRD DRIVE",2060.00,N,N,A,-,Y,LAK,,29," "," ",50.931,H,,R,Y,3,0,2,2,A,-,08,22107,,N,F,0,A,A,H,-,D,D,0,,,,,Y,,A,01,0,1,1,0,0,0,0,0,0,"- ","- ",39.141799926757812,-122.91355133056641,LAKE,UNINCORPORATED,-122.91358947753906,39.141777038574219
94397822,2024,2024-09-17,9151,2024-09-16,1500,019181,,1,2,9,1700,0,2,4,,2,025,"SODA BAY ROAD","CLARK DRIVE",77.00,E,N,A,-,N,,,,,,,,,,Y,3,0,1,1,A,-,08,22107,,N,F,A,A,A,H,-,A,D,0,,,,,Y,,D,22,0,1,0,0,0,0,0,0,0,"- ","- ",39.007659912109375,-122.81786346435547,LAKE,UNINCORPORATED,-122.81771087646484,39.007720947265625
94399567,2024,2024-09-18,9151,2024-09-16,"756 ",017904,,1,1,9,1700,0,1,3,,2,018,SR-29,"WARDLAW ST.",0.00,,Y,A,-,Y,LAK,,29," "," ",5.989,H,,R,Y,4,0,1,2,A,-,09,21453,B,N,D,2,A,A,H,-,A,A,0,,,,,Y,,A,01,0,0,1,0,0,0,0,0,0,"- ","- ",38.754550933837891,-122.61372375488281,LAKE,UNINCORPORATED,-122.61372375488281,38.754554748535156
94400196,2024,2024-09-19,9151,2024-08-20,1723,023559,,2,2,9,1700,0,1,3,,1,022,SR-20,SR-53,20.00,N,N,A,-,Y,LAK,,20," "," ",31.582,H,,R,Y,2,0,1,1,A,-,03,22350,,N,E,I,A,A,H,-,A,D,0,,,,,Y,,D,22,1,0,0,0,0,0,0,0,0,"- ","- ",39.008518218994141,-122.61438751220703,LAKE,UNINCORPORATED,-122.61444091796875,39.008758544921875
9440716,2022,2022-05-04,1702,2022-03-20,1854,240,C,7,5,3,1702,0,0,0,,0,,"LAKESHORE DR","OLD HWY 53",0.00,,Y,A,-,N,,,,,,,,,,N,3,0,1,2,A,-,11,21950,B,N,G,B,D,A,H,-,A,D,0,Y,,,,Y,,N,60,0,1,0,0,1,0,0,0,0,"- ","- ",38.950241088867188,-122.63115692138672,LAKE,CLEARLAKE,-122.62310791015625,38.950714111328125
9440717,2022,2022-05-03,1702,2022-03-22,1259,217,E,2,5,3,1702,0,0,0,,0,,"IRVINE AV","31ST AV",120.00,S,N,A,-,N,,,,,,,,,,Y,3,0,1,2,A,-,05,21650,,N,A,C,A,A,H,-,A,D,0,,,,,Y,,A,01,0,1,0,0,0,0,0,0,0,"- ","- ",38.944629669189453,-122.61305999755859,LAKE,CLEARLAKE,-122.61305236816406,38.944278717041016
94407544,2024,2024-09-25,9151,2024-09-06,2200,023581,,5,3,9,1700,0,1,3,,2,015,SR-29,"BOTTLE ROCK ROAD",1690.00,N,N,A,-,Y,LAK,,29," "," ",32.682,H,,R,Y,2,0,2,1,A,-,08,22107,,N,E,8,A,A,H,-,D,D,0,,,,,Y,Y,A,07,1,1,0,0,0,0,0,0,0,"- ","- ",38.946769714355469,-122.82073211669922,LAKE,UNINCORPORATED,-122.82076263427734,38.946712493896484
9440770,2022,2022-10-18,1702,2022-01-28,0025,235,B,5,5,3,1702,0,0,0,,0,,"OLD HWY 53","POLE 120403277",28.00,N,N,A,-,N,,,,,,,,,,Y,4,0,1,1,A,-,08,22107,,M,E,I,A,A,H,-,D,D,0,,,,,Y,,D,22,0,0,1,0,0,0,0,0,0,"- ","- ",38.969539642333984,-122.61894226074219,LAKE,CLEARLAKE,,
94407873,2024,2024-09-25,9151,2024-09-15,1806,023308,,7,2,9,1700,0,3,5,,2,001,"ELK MTN RD","MPM 35.0",1584.00,S,N,A,-,N,,,,,,,,,,N,4,0,1,1,A,-,08,22107,,N,E,I,A,A,H,-,A,D,0,,,,,Y,,A,07,0,0,1,0,0,0,0,0,0,"- ","- ",39.405208587646484,-123.01970672607422,LAKE,UNINCORPORATED,,
94408333,2024,2024-09-25,9151,2024-09-23,1359,023851,,1,1,9,1700,0,1,3,,1,035,SR-281,"POINT LAKEVIEW ROAD",0.00,,Y,A,-,Y,LAK,,281," "," ",15.059,H,,R,Y,4,0,2,2,A,-,09,21802,B,N,D,C,A,A,H,-,A,A,0,,,,,Y,,A,07,0,0,2,0,0,0,0,0,0,"- ","- ",38.954479217529297,-122.7274169921875,LAKE,UNINCORPORATED,-122.72744750976562,38.954483032226562
94409272,2024,2024-09-26,9151,2024-09-11,1537,023182,,3,2,2,1701,0,1,3,,1,013,SR-29,"MILE MARKER 47.00",310.00,S,N,A,-,Y,LAK,,29," ",R,46.808,H,,R,Y,3,0,4,1,C,-,18,,,N,F,A,A,A,H,-,A,D,0,,,,,Y,,-,"- ",0,3,1,0,0,0,0,0,0,"- ","- ",39.104469299316406,-122.91203308105469,LAKE,LAKEPORT,-122.91191864013672,39.104450225830078
9440948,2022,2022-05-09,1702,2022-01-30,1646,241,A,7,5,3,1702,0,0,0,,0,,"2ND ST","BUSH ST",0.00,,Y,A,-,N,,,,,,,,,,N,3,0,1,2,A,-,12,22450,A,N,B,C,A,A,H,-,A,D,0,,,Y,,Y,,C,03,0,1,0,0,0,0,0,0,1,"- ","- ",38.976299285888672,-122.65534973144531,LAKE,CLEARLAKE,-122.65529632568359,38.976173400878906
94412400,2024,2024-09-30,9151,2024-09-19,"744 ",023796,,4,1,9,1700,0,1,3,,1,011,SR-20,"POMO WAY",789.00,W,N,A,-,Y,LAK,,20," "," ",11.003,H,,R,Y,4,0,1,2,A,-,03,22350,,N,C,C,A,A,H,-,A,D,0,,,,,Y,,A,01,0,0,1,0,0,0,0,0,0,"- ","- ",39.143508911132812,-122.88401794433594,LAKE,UNINCORPORATED,-122.88408660888672,39.143505096435547
94412632,2024,2025-02-13,9151,2024-09-25,2152,023648,,3,2,9,1700,0,1,3,,1,011,SR-20,"HARVEY BLVD",107.00,W,N,A,-,Y,LAK,,20," "," ",24.963,H,,R,Y,4,0,1,2,A,-,04,21703,,N,C,C,A,A,H,-,C,D,0,,,,,Y,,A,01,0,0,1,0,0,0,0,0,0,"- ","- ",39.024330139160156,-122.72183990478516,LAKE,UNINCORPORATED,-122.72184753417969,39.024299621582031
9441495,2022,2022-05-19,1702,2022-04-28,1640,229,,4,5,3,1702,0,0,0,,0,,"LAKSHORE DR","MONTEREY DR",774.00,E,N,A,-,N,,,,,,,,,,Y,2,0,1,1,A,-,08,22107,,N,F,A,A,A,H,-,A,D,0,,,,,Y,,A,07,1,0,0,0,0,0,0,0,0,"- ","- ",38.981021881103516,-122.68589019775391,LAKE,CLEARLAKE,-122.68578338623047,38.981121063232422
94415995,2024,2024-10-02,9151,2024-09-18,2050,023581,,3,2,9,1700,0,3,5,,2,005,"BIG VALLEY RD","HILL LANE",1333.00,N,N,A,-,N,,,,,,,,,,N,4,0,1,1,A,-,03,22350,,N,E,I,A,A,H,-,D,D,0,,,,,Y,,-,"- ",0,0,1,0,0,0,0,0,0,"- ","- ",39.007511138916016,-122.88488006591797,LAKE,UNINCORPORATED,-122.88489532470703,39.007480621337891
94417618,2024,2024-10-03,9151,2024-09-14,1030,023182,,6,1,9,1700,0,3,5,,2,008,"HARTMAN RD","COYOTE VALLEY ROAD",600.00,N,N,A,-,N,,,,,,,,,,Y,3,0,1,2,A,-,03,22350,,N,C,C,A,A,H,-,A,D,0,,,,,Y,,A,01,0,1,0,0,0,0,0,0,0,"- ","- ",38.795658111572266,-122.55542755126953,LAKE,UNINCORPORATED,-122.55543518066406,38.795536041259766
94417632,2024,2024-10-03,9151,2024-09-19,1314,023182,,4,1,9,1700,0,1,3,,2,018,SR-29,"SPRUCE GROVE ROAD",0.00,,Y,A,-,Y,LAK,,29," "," ",18.755,H,,R,Y,4,0,3,2,A,-,09,21801,A,N,A,C,A,A,H,-,A,D,0,,,,,Y,,A,07,0,0,3,0,0,0,0,0,0,"- ","- ",38.88922119140625,-122.60440063476562,LAKE,UNINCORPORATED,-122.60446929931641,38.889194488525391
94417670,2024,2024-10-03,9151,2024-09-27,"715 ",023182,,5,1,2,1701,0,3,5,,2,008,"SR-29 N/B",29LAK46.67,5.00,S,N,A,-,Y,LAK,,29," ",R,46.653,H,,R,Y,4,0,1,1,A,-,03,22350,,N,E,I,A,A,H,-,B,D,0,,,,,Y,Y,A,01,0,0,1,0,0,0,0,0,0,"- ","- ",39.102268218994141,-122.91256713867188,LAKE,LAKEPORT,-122.91251373291016,39.102260589599609
94417672,2024,2024-10-03,9151,2024-09-30,1850,023964,,1,2,9,1700,0,3,5,,2,008,"RED HILL ROAD",SR-29,2250.00,W,N,A,-,N,,,,,,,,,,Y,4,0,1,2,A,-,03,22350,,N,D,C,A,A,H,-,B,D,0,,,Y,,Y,,C,02,0,0,1,0,0,0,0,0,1,"- ","- ",38.924091339111328,-122.74513244628906,LAKE,UNINCORPORATED,-122.74504852294922,38.924171447753906
9441996,2022,2022-06-02,1702,2022-04-27,1506,196,E,3,5,3,1702,0,0,0,,0,,"35TH AV","BOYLES AV",56.00,W,N,A,-,N,,,,,,,,,,N,4,0,1,2,A,-,03,22350,,N,H,G,A,A,H,-,A,D,0,,Y,,,Y,,L,04,0,0,1,0,0,0,1,0,0,"- ","- ",38.947250366210938,-122.61057281494141,LAKE,CLEARLAKE,-122.61075592041016,38.947223663330078
94420160,2024,2024-10-04,9151,2024-09-21,1624,023796,,6,2,9,1700,0,3,5,,2,003,"PARK WAY","KEELING AVE",247.00,W,N,A,-,N,,,,,,,,,,Y,3,0,1,1,A,-,08,22107,,N,A,I,A,A,H,-,A,D,0,,,,,Y,Y,A,01,0,1,0,0,0,0,0,0,0,"- ","- ",39.079708099365234,-122.91767120361328,LAKE,UNINCORPORATED,-122.91753387451172,39.079765319824219
94423483,2024,2024-10-08,9151,2024-10-07,1130,023971,,1,1,9,1700,0,3,5,,2,003,"SCOTTS VALLEY ROAD WO MOUNTVIEW ROAD","MOUNTVIEW ROAD",1382.00,W,N,A,-,N,,,,,,,,,,Y,3,0,1,1,A,-,01,23152,A,N,E,I,A,A,H,-,A,D,0,,,,,Y,Y,A,01,0,1,0,0,0,0,0,0,0,"- ","- ",39.051479339599609,-122.93740081787109,LAKE,UNINCORPORATED,,
9442421,2022,2022-05-09,1702,2022-03-27,2236,241,C,7,5,3,1702,0,0,0,,0,,"RT 53","HILLCREST AV",125.00,W,N,C,-,N,,,,,,,,,,Y,3,0,2,2,-,-,"- ",,A,N,A,D,A,B,H,-,D,D,0,,,,,Y,,A,08,0,2,0,0,0,0,0,0,0,"- ","- ",38.95220947265625,-122.63121795654297,LAKE,CLEARLAKE,,
9442445,2022,2022-05-06,1702,2022-04-05,1610,235,D,2,5,3,1702,0,0,0,,0,,"OLD HWY 53","POLE 120387599 120009575",42.00,N,N,A,-,N,,,,,,,,,,Y,2,0,4,3,A,-,03,22350,,M,C,C,A,A,H,-,A,D,0,,,,,Y,,A,07,4,0,0,0,0,0,0,0,0,"- ","- ",38.941028594970703,-122.63392639160156,LAKE,CLEARLAKE,,
9442448,2022,2022-05-04,1702,2022-04-01,1336,245,D,5,5,3,1702,0,0,0,,0,,"RT 53","HIGHLANDS HARBOR RD",330.00,N,N,A,-,N,,,,,,,,,,Y,3,0,1,1,A,-,00,23512,A,N,E,J,A,A,H,-,A,D,0,,,,,Y,Y,A,01,0,1,0,0,0,0,0,0,0,"- ","- ",38.931240081787109,-122.62375640869141,LAKE,CLEARLAKE,-122.62384796142578,38.940933227539062
94424777,2024,2024-10-09,9151,2024-09-20,1455,022727,,5,2,9,1700,0,1,3,,1,028,"SR-175 MIDDLETOWN","MAPLE SHADOW RD",15.00,E,N,A,-,Y,LAK,,175," "," ",20.670,H,,R,N,3,0,2,1,A,-,08,22107,,N,E,I,A,A,H,-,A,D,0,,,,,Y,,A,07,0,1,1,0,0,0,0,0,0,"- ","- ",38.810710906982422,-122.71003723144531,LAKE,UNINCORPORATED,-122.71004486083984,38.810710906982422
94424801,2024,2024-10-09,9151,2024-09-26,1415,022727,,4,2,9,1700,0,3,5,,2,006,"LAKE ST","JESSIE ST",0.00,,Y,A,-,N,,,,,,,,,,N,3,0,1,2,A,-,12,22450,A,N,D,D,A,A,H,-,A,A,0,,,Y,,Y,,C,03,0,1,0,0,0,0,0,0,1,"- ","- ",38.913738250732422,-122.60926055908203,LAKE,UNINCORPORATED,-122.60923004150391,38.913669586181641
94425073,2024,2024-10-09,9151,2024-10-03,1345,023182,,4,1,9,1700,0,1,3,,1,013,"SR-29 S/B","MM 29 LAK 47.50",1202.00,N,N,A,-,Y,LAK,,29," ",R,47.290,H,,L,Y,2,0,2,1,A,-,03,22350,,N,F,I,A,A,H,-,A,D,0,,,,,Y,,A,01,2,0,0,0,0,0,0,0,0,"- ","- ",39.111209869384766,-122.90972137451172,LAKE,UNINCORPORATED,-122.90959167480469,39.111148834228516
94425232,2024,2024-10-09,9151,2024-06-20,1428,023796,,4,2,9,1700,0,1,3,,2,018,SR-29,"WESTERN MINE ROAD",300.00,N,N,A,-,Y,LAK,,29," "," ",3.723,H,,R,Y,1,1,1,1,C,-,18,,,N,E,I,A,A,H,-,A,D,0,,,,,Y,,-,"- ",1,0,0,0,0,0,0,0,0,"- ","- ",38.726058959960938,-122.61911773681641,LAKE,UNINCORPORATED,-122.61927795410156,38.726016998291016
94425360,2024,2024-10-09,9151,2024-09-27,1135,023796,,5,1,9,1700,0,1,3,,1,024,SR-29,"BELL AVE",50.00,S,N,A,-,Y,LAK,,29," "," ",20.567,H,,R,Y,4,0,1,2,A,-,03,22350,,N,C,C,A,A,H,-,A,D,0,,,,,Y,,A,07,0,0,1,0,0,0,0,0,0,"- ","- ",38.909801483154297,-122.61682891845703,LAKE,UNINCORPORATED,-122.61680603027344,38.909740447998047
94425383,2024,2024-10-09,9151,2024-10-08,1658,020326,,2,2,9,1700,0,2,4,,2,025,"SODA BAY ROAD","STONE DRIVE",0.00,,Y,A,-,N,,,,,,,,,,Y,3,0,2,3,A,-,09,21801,A,N,A,C,A,A,H,-,A,D,0,,,,,Y,,E,22,0,1,1,0,0,0,0,0,0,"- ","- ",39.014881134033203,-122.87568664550781,LAKE,UNINCORPORATED,-122.87555694580078,39.014900207519531
9442788,2022,2022-05-16,1702,2022-04-30,1106,196,6A,6,5,3,1702,0,0,0,,0,,"RT 53","DAM RD",565.00,S,N,A,-,Y,LAK,1,53,-,-,1.470,H,-,N,Y,2,0,2,1,A,-,03,22350,,N,E,I,A,A,H,-,A,D,0,,,,,Y,,D,22,2,0,0,0,0,0,0,0,0,"- ","- ",38.930019378662109,-122.61887359619141,LAKE,CLEARLAKE,-122.61887359619141,38.930049896240234
94429528,2024,2024-10-14,9151,2024-10-08,1100,017904,,2,1,9,1700,0,2,4,,2,025,"S.MAIN ST.","SR-175 EXT.",75.00,N,N,A,-,N,,,,,,,,,,N,3,0,1,2,A,-,21,22106,,N,C,C,A,A,H,-,A,D,0,,,,Y,Y,,G,27,0,1,0,0,0,0,0,0,0,"- ","- ",39.017551422119141,-122.91227722167969,LAKE,UNINCORPORATED,-122.91265869140625,39.016986846923828
94429631,2024,2024-10-14,9151,2024-10-09,2315,023971,,3,3,9,1700,0,1,3,,1,011,SR-20,"BRUNER DR",0.00,,Y,A,-,Y,LAK,,20," "," ",21.081,H,,R,Y,4,0,1,1,A,-,08,22107,,N,E,8,A,A,H,-,D,D,0,,,,,Y,,A,07,0,0,1,0,0,0,0,0,0,"- ","- ",39.043121337890625,-122.77578735351562,LAKE,UNINCORPORATED,-122.77581787109375,39.043102264404297
94430495,2024,2024-10-14,9151,2024-04-28,2200,023308,,7,3,9,1700,0,1,3,,1,011,SR-20,"VERNA WAY",1056.00,E,N,A,-,Y,LAK,,20," "," ",22.046,H,,R,Y,1,1,0,1,A,-,01,23152,F,N,E,I,A,A,H,-,D,D,0,,,,,Y,,A,01,0,0,0,0,0,0,0,0,0,"- ","- ",39.039768218994141,-122.76162719726562,LAKE,UNINCORPORATED,-122.76162719726562,39.039749145507812
94430538,2024,2024-10-14,9151,2024-10-05,1139,024115,,6,1,9,1700,0,3,5,,2,006,"JESSIE STREET","LAKE STREET",0.00,,Y,F,-,N,,,,,,,,,,N,4,0,1,2,A,-,08,22107,,N,B,C,A,A,H,-,A,A,0,,,,,Y,,A,01,0,0,1,0,0,0,0,0,0,"- ","- ",38.913719177246094,-122.60932922363281,LAKE,UNINCORPORATED,-122.60923004150391,38.913669586181641
94431335,2024,2024-10-15,9151,2024-09-29,1650,023971,,7,2,9,1700,0,3,5,,2,008,"BUTTS CANYON ROAD","LOCONOMI ROAD",80.00,W,N,A,-,Y,,,,,,,,,,Y,3,0,2,1,A,-,01,23152,A,N,E,I,A,A,H,-,B,A,0,,,,,Y,Y,A,01,0,2,0,0,0,0,0,0,0,"- ","- ",38.746551513671875,-122.57936096191406,LAKE,UNINCORPORATED,-122.57897186279297,38.746444702148438
94433538,2024,2024-10-16,9151,2024-10-15,"615 ",017904,,2,1,9,1700,0,1,3,,1,013,SR-29,"NICE LUCERNE CUTOFF",528.00,S,N,D,-,Y,LAK,,29," ",R,47.421,H,,R,Y,4,0,1,1,C,-,18,,,N,E,H,A,A,H,-,B,D,0,,,,,Y,,-,"- ",0,0,1,0,0,0,0,0,0,"- ","- ",39.112621307373047,-122.90791320800781,LAKE,UNINCORPORATED,-122.90791320800781,39.112621307373047
94436488,2024,2024-10-18,9151,2024-09-29,"220 ",023648,,7,3,9,1700,0,1,3,,1,022,SR-20,"MULE SKINNER RD",263.00,W,N,A,-,Y,LAK,,20," "," ",41.045,H,,R,Y,4,0,1,1,C,-,18,,,N,E,I,A,A,H,-,D,D,0,,,,,Y,,-,"- ",0,0,1,0,0,0,0,0,0,"- ","- ",39.016918182373047,-122.49079132080078,LAKE,UNINCORPORATED,-122.49070739746094,39.0169677734375
94437589,2024,2024-10-21,9151,2024-02-14,2008,023581,,3,2,9,1700,0,1,3,,1,011,SR-20,"BRIDGE ARBOR N",880.00,E,N,C,-,Y,LAK,,20," "," ",9.046,H,,R,N,1,1,0,2,A,-,11,21954,A,F,G,B,D,B,H,-,D,D,0,Y,,,,Y,,A,07,0,0,0,1,0,0,0,0,0,"- ","- ",39.161899566650391,-122.90792083740234,LAKE,UNINCORPORATED,-122.90791320800781,39.16192626953125
94438363,2024,2024-10-21,9151,2024-09-26,1710,023308,,4,2,9,1700,0,1,3,,1,011,SR-20,"LINDEN LANE",153.00,W,N,A,-,Y,LAK,,20," "," ",24.169,H,,R,Y,2,0,2,3,A,-,01,23152,F,N,C,E,E,A,H,-,A,D,0,Y,,,,Y,,-,"- ",1,0,1,0,1,0,0,0,0,"- ","- ",39.0272216796875,-122.73520660400391,LAKE,UNINCORPORATED,-122.73516082763672,39.027267456054688
94438393,2024,2024-10-21,9151,2024-10-03,2145,023796,,4,2,9,1700,0,2,4,,2,043,"NICE LUCERNE CUTOFF ROAD","STOKES AVE",3168.00,S,N,A,-,N,,,,,,,,,,N,4,0,1,2,A,-,05,21460,,F,E,I,A,A,H,-,D,D,0,,,,,Y,Y,-,99,0,0,1,0,0,0,0,0,0,"- ","- ",39.119880676269531,-122.87832641601562,LAKE,UNINCORPORATED,-122.87270355224609,39.127670288085938
94440018,2024,2024-10-22,9151,2024-10-13,"610 ",024102,,7,1,9,1700,0,1,3,,1,011,SR-20,"MM 19.5",129.60,E,N,B,-,Y,LAK,,20," "," ",19.474,H,,R,Y,3,0,1,1,A,-,08,22107,,N,E,J,A,A,H,-,B,D,0,,,,,Y,,D,22,0,1,0,0,0,0,0,0,0,"- ","- ",39.063339233398438,-122.78401947021484,LAKE,UNINCORPORATED,-122.78404998779297,39.063323974609375
94440185,2024,2024-10-22,9151,2024-10-16,"705 ",023182,,3,1,9,1700,0,1,3,,1,016,"MAIN STREET",SR-53/SR-29,0.00,,Y,B,-,N,,,,,,,,,,Y,4,0,1,2,A,-,12,21453,A,N,D,C,A,A,H,-,A,A,0,,,,,Y,,A,01,0,0,1,0,0,0,0,0,0,"- ","- ",38.9102783203125,-122.61226654052734,LAKE,UNINCORPORATED,-122.61226654052734,38.910186767578125
94443683,2024,2024-10-24,9151,2024-10-12,1035,023581,,6,1,9,1700,0,1,3,,1,024,SR-29,"SEIGLER CANYON ROAD",1028.00,N,N,C,-,Y,LAK,,29," "," ",21.862,H,,R,Y,3,0,1,1,A,-,03,22350,,N,E,8,A,B,H,-,A,D,0,,,,,Y,,-,"- ",0,1,0,0,0,0,0,0,0,"- ","- ",38.909679412841797,-122.64044952392578,LAKE,UNINCORPORATED,-122.64044952392578,38.909690856933594
94444110,2024,2024-10-24,9151,2024-10-14,1530,023559,,1,2,9,1700,0,3,5,,2,003,"PARK WAY","HILL ROAD EAST",575.00,E,N,A,-,Y,,,,,,,,,,Y,4,0,1,2,A,-,05,21460,,N,B,2,A,A,H,-,A,D,0,,,,,Y,,A,01,0,0,1,0,0,0,0,0,0,"- ","- ",39.082351684570312,-122.92342376708984,LAKE,UNINCORPORATED,-122.92351531982422,39.082382202148438
94444132,2024,2024-10-24,9151,2024-10-18,1620,023648,,5,2,9,1700,0,3,5,,2,005,"FIRST ST","SADERLUND ST",0.00,,Y,A,-,N,,,,,,,,,,Y,3,0,1,2,A,-,09,21800,A,N,D,C,A,A,H,-,A,D,0,,,,,Y,,A,07,0,1,0,0,0,0,0,0,0,"- ","- ",38.9788818359375,-122.84027862548828,LAKE,UNINCORPORATED,-122.84028625488281,38.978874206542969
94444203,2024,2024-10-24,9151,2024-10-12,2330,023796,,6,3,9,1700,0,1,3,,1,022,SR-20,"LAK MPM 42.18",15.00,E,N,A,-,Y,LAK,,20," "," ",42.079,H,,R,Y,4,0,1,1,A,-,08,22107,,N,F,I,A,B,H,-,D,D,0,,,,,Y,,A,01,0,0,1,0,0,0,0,0,0,"- ","- ",39.021831512451172,-122.47882080078125,LAKE,UNINCORPORATED,-122.47883605957031,39.021934509277344
94446127,2024,2024-10-25,9151,2024-10-12,1950,023851,,6,2,9,1700,0,1,3,,1,017,"SR-175 COBB",SR-29,3802.00,E,N,A,-,Y,LAK,,175," "," ",9.018,H,,R,Y,3,0,1,1,A,-,03,22350,,N,A,I,A,B,H,-,B,D,0,,,,,Y,,-,"- ",0,1,0,0,0,0,0,0,0,"- ","- ",38.935359954833984,-122.78156280517578,LAKE,UNINCORPORATED,-122.78164672851562,38.935306549072266
94450719,2024,2024-10-30,9151,2024-10-23,1305,023581,,3,1,9,1700,0,1,3,,2,018,SR-29,"MIRABEL RD",183.00,N,N,A,-,Y,LAK,,29," "," ",2.240,H,,R,Y,4,0,1,1,A,-,08,22107,,N,E,8,A,A,H,-,A,D,0,,,,,Y,,A,01,0,0,1,0,0,0,0,0,0,"- ","- ",38.707550048828125,-122.60797119140625,LAKE,UNINCORPORATED,-122.60808563232422,38.707492828369141
94450947,2024,2024-10-30,9151,2024-10-23,1604,023648,,3,2,9,1700,0,1,3,,1,035,SR-281,SR-29,170.00,E,N,A,-,Y,LAK,,281," "," ",16.954,H,,R,N,3,0,2,2,A,-,03,22350,,N,C,C,A,A,H,-,A,D,0,,,,,Y,,A,07,0,2,0,0,0,0,0,0,0,"- ","- ",38.930320739746094,-122.74118804931641,LAKE,UNINCORPORATED,-122.7412109375,38.930328369140625