CASE_ID,ACCIDENT_YEAR,PROC_DATE,JURIS,COLLISION_DATE,COLLISION_TIME,OFFICER_ID,REPORTING_DISTRICT,DAY_OF_WEEK,CHP_SHIFT,POPULATION,CNTY_CITY_LOC,SPECIAL_COND,BEAT_TYPE,CHP_BEAT_TYPE,CITY_DIVISION_LAPD,CHP_BEAT_CLASS,BEAT_NUMBER,PRIMARY_RD,SECONDARY_RD,DISTANCE,DIRECTION,INTERSECTION,WEATHER_1,WEATHER_2,STATE_HWY_IND,CALTRANS_COUNTY,CALTRANS_DISTRICT,STATE_ROUTE,ROUTE_SUFFIX,POSTMILE_PREFIX,POSTMILE,LOCATION_TYPE,RAMP_INTERSECTION,SIDE_OF_HWY,TOW_AWAY,COLLISION_SEVERITY,NUMBER_KILLED,NUMBER_INJURED,PARTY_COUNT,PRIMARY_COLL_FACTOR,PCF_CODE_OF_VIOL,PCF_VIOL_CATEGORY,PCF_VIOLATION,PCF_VIOL_SUBSECTION,HIT_AND_RUN,TYPE_OF_COLLISION,MVIW,PED_ACTION,ROAD_SURFACE,ROAD_COND_1,ROAD_COND_2,LIGHTING,CONTROL_DEVICE,CHP_ROAD_TYPE,PEDESTRIAN_ACCIDENT,BICYCLE_ACCIDENT,MOTORCYCLE_ACCIDENT,TRUCK_ACCIDENT,NOT_PRIVATE_PROPERTY,ALCOHOL_INVOLVED,STWD_VEHTYPE_AT_FAULT,CHP_VEHTYPE_AT_FAULT,COUNT_SEVERE_INJ,COUNT_VISIBLE_INJ,COUNT_COMPLAINT_PAIN,COUNT_PED_KILLED,COUNT_PED_INJURED,COUNT_BICYCLIST_KILLED,COUNT_BICYCLIST_INJURED,COUNT_MC_KILLED,COUNT_MC_INJURED,PRIMARY_RAMP,SECONDARY_RAMP,LATITUDE,LONGITUDE,COUNTY,CITY,POINT_X,POINT_Y
94451200,2024,2024-10-30,9151,2024-10-21,"730 ",024102,,1,1,9,1700,0,3,5,,2,006,"MORGAN VALLEY ROAD","ROCKY CREEK ROAD",5280.00,W,N,A,-,N,,,,,,,,,,Y,4,0,1,1,A,-,08,22107,,N,E,J,A,A,B,-,B,B,0,,,,,Y,,-,"- ",0,0,1,0,0,0,0,0,0,"- ","- ",38.886459350585938,-122.50882720947266,LAKE,UNINCORPORATED,-122.48881530761719,38.891410827636719
94451356,2024,2024-10-30,9151,2024-10-27,1305,023559,,7,1,9,1700,0,1,3,,1,028,SR-175,"CASA GRANDE LANE",305.00,W,N,C,-,Y,LAK,,175," "," ",22.874,H,,R,Y,3,0,2,1,A,-,03,22350,,N,E,I,A,B,H,-,A,D,0,,,,,Y,,A,08,0,1,1,0,0,0,0,0,0,"- ","- ",38.787239074707031,-122.69319915771484,LAKE,UNINCORPORATED,-122.69326019287109,38.787239074707031
94451386,2024,2024-10-30,9151,2024-10-28,1928,020326,,1,2,9,1700,0,2,4,,2,025,"SODA BAY ROAD","OSPREY COURT",0.00,,Y,A,-,N,,,,,,,,,,Y,4,0,3,2,A,-,09,21801,A,N,D,C,A,A,H,-,C,D,0,,,,,Y,,A,01,0,0,3,0,0,0,0,0,0,"- ","- ",39.014579772949219,-122.89057159423828,LAKE,UNINCORPORATED,-122.89440155029297,39.011283874511719
94451420,2024,2024-10-30,9151,2024-10-29,1020,017904,,2,1,9,1700,0,1,3,,2,015,SR-29,"VINEYARD LANE",0.00,,Y,A,-,Y,LAK,,29," "," ",30.333,H,,R,Y,4,0,2,2,A,-,09,21801,A,N,D,C,A,A,H,-,A,D,0,,,,,Y,,A,01,0,0,2,0,0,0,0,0,0,"- ","- ",38.940410614013672,-122.77993774414062,LAKE,UNINCORPORATED,-122.78009796142578,38.940563201904297
94452562,2024,2024-10-31,9151,2024-10-12,1320,023581,,6,1,9,1700,0,1,3,,1,024,SR-29,SR-53,148.00,N,N,C,-,Y,LAK,,29," "," ",20.338,H,,R,Y,4,0,1,2,A,-,03,22350,,N,D,C,A,B,H,-,A,D,0,,,,,Y,,-,"- ",0,0,1,0,0,0,0,0,0,"- ","- ",38.910209655761719,-122.61295318603516,LAKE,UNINCORPORATED,-122.61295318603516,38.910148620605469
94452573,2024,2024-10-31,9151,2024-10-17,"149 ",023971,,4,3,9,1700,0,3,5,,2,003,"LAKESHORE BLVD","LAN FRANCO LN",97.60,S,N,A,-,N,,,,,,,,,,Y,4,0,1,1,A,-,01,23152,A,N,F,8,A,A,H,-,D,D,0,,,,,Y,Y,D,22,0,0,1,0,0,0,0,0,0,"- ","- ",39.089160919189453,-122.90354919433594,LAKE,UNINCORPORATED,-122.90340423583984,39.089061737060547
94454897,2024,2024-11-01,9151,2024-10-12,1158,024115,,6,1,9,1700,0,1,3,,1,028,SR-175,"BROOKHILL RD",200.00,N,N,C,-,Y,LAK,,175," "," ",21.147,H,,R,Y,4,0,1,1,A,-,08,22107,,N,E,I,A,B,H,-,A,D,0,,,,,Y,,-,"- ",0,0,1,0,0,0,0,0,0,"- ","- ",38.806560516357422,-122.70497131347656,LAKE,UNINCORPORATED,-122.70492553710938,38.806591033935547
94454910,2024,2024-11-01,9151,2024-10-24,2200,024115,,4,3,9,1700,0,3,5,,2,007,"BOTTLE ROCK ROAD","SPRING HILL ROAD",1000.00,W,N,A,-,N,,,,,,,,,,Y,3,0,1,1,A,-,08,22107,,N,F,A,A,A,H,-,D,D,0,,,,,Y,,-,"- ",0,1,0,0,0,0,0,0,0,"- ","- ",38.841011047363281,-122.74756622314453,LAKE,UNINCORPORATED,-122.74700164794922,38.839431762695312
9446147,2021,2022-05-24,1702,2021-01-05,0543,217,D,2,5,3,1702,0,0,0,,0,,"OLD HIGHWAY 53","CASS AV",0.00,,Y,A,-,N,,,,,,,,,,N,4,0,1,2,A,-,21,22106,,M,C,C,A,A,H,-,D,D,0,,,,,Y,,-,,0,0,1,0,0,0,0,0,0,"- ","- ",38.945110321044922,-122.63220977783203,LAKE,CLEARLAKE,,
94462559,2024,2024-11-07,9151,2024-10-24,1242,023308,,4,1,9,1700,0,1,3,,1,011,SR-20,"MPM 1.82",60.00,W,N,A,-,Y,LAK,,20," "," ",1.788,H,,R,Y,4,0,1,3,A,-,03,22350,,N,C,C,A,A,D,-,A,D,0,,,,,Y,,E,22,0,0,1,0,0,0,0,0,0,"- ","- ",39.176868438720703,-123.01560974121094,LAKE,UNINCORPORATED,-123.01557159423828,39.176891326904297
9446394,2022,2022-06-10,1702,2022-05-13,1629,196,D,5,5,3,1702,0,0,0,,0,,"OLD HWY 53","CASS AV",191.00,S,N,A,-,N,,,,,,,,,,N,2,0,1,2,A,-,08,22107,,N,H,G,A,A,H,-,A,D,0,,Y,,,Y,,A,08,1,0,0,0,0,0,1,0,0,"- ","- ",38.943099975585938,-122.63149261474609,LAKE,CLEARLAKE,,
94466181,2024,2024-11-12,9151,2024-10-26,1350,024115,,6,1,9,1700,0,1,3,,2,015,SR-29,"THOMAS DRIVE",0.00,,Y,A,-,Y,LAK,,29," ",R,37.444,H,,R,Y,2,0,2,2,A,-,09,21801,A,N,D,C,A,A,H,-,A,A,0,,,,,Y,,A,07,1,0,1,0,0,0,0,0,0,"- ","- ",38.992298126220703,-122.87563323974609,LAKE,UNINCORPORATED,-122.87561798095703,38.992313385009766
94466394,2024,2024-11-12,9151,2024-11-06,"335 ",023971,,3,3,2,1701,0,3,5,,2,005,"FINLEY EAST RD","STONE DRIVE",1306.00,E,N,G,-,N,,,,,,,,,,Y,4,0,1,1,A,-,08,22107,,N,E,I,A,A,H,-,D,D,0,,,,,Y,,D,22,0,0,1,0,0,0,0,0,0,"- ","- ",39.004341125488281,-122.87075042724609,LAKE,LAKEPORT,-122.87090301513672,39.004257202148438
94466655,2024,2024-11-12,9151,2024-11-09,1705,016040,,6,2,9,1700,0,1,3,,2,015,SR-29,"LIVE OAK DRIVE",100.00,N,N,B,-,Y,LAK,,29," ",R,34.764,H,,R,N,4,0,1,1,A,-,16,24002,A,N,H,A,A,A,H,-,B,D,0,,,,,Y,,A,08,0,0,1,0,0,0,0,0,0,"- ","- ",38.972450256347656,-122.83329772949219,LAKE,UNINCORPORATED,-122.833251953125,38.972537994384766
94466667,2024,2024-11-12,9151,2024-11-09,1845,023648,,6,2,9,1700,0,3,5,,2,008,"BUTTS CANYON RD","GUENOC RD",6389.00,E,N,A,-,N,,,,,,,,,,Y,4,0,1,1,A,-,08,22107,,N,E,I,A,A,H,-,D,D,0,,,,,Y,,-,"- ",0,0,1,0,0,0,0,0,0,"- ","- ",38.717868804931641,-122.49330139160156,LAKE,UNINCORPORATED,,
94468408,2024,2024-11-13,9151,2024-10-20,2320,022258,,7,3,9,1700,0,3,5,,2,001,"LAKESHORE BOULEVARD","CARSON STREET",16.00,E,N,A,-,N,,,,,,,,,,N,3,0,1,2,A,-,05,21460,A,F,B,G,A,A,H,-,D,D,0,,Y,,,Y,,A,01,0,1,0,0,0,0,1,0,0,"- ","- ",39.121929168701172,-122.85552978515625,LAKE,UNINCORPORATED,-122.85533142089844,39.121990203857422
94469422,2024,2024-11-14,9151,2024-10-17,1400,023182,,4,2,9,1700,0,1,3,,1,012,SR-20,"COUNTRY CLUB DR",330.00,W,N,A,-,Y,LAK,,20," "," ",17.878,H,,R,Y,2,0,1,3,A,-,08,22107,,N,B,2,A,A,H,-,A,D,0,,,Y,,Y,Y,-,"- ",1,0,0,0,0,0,0,0,1,"- ","- ",39.083381652832031,-122.79080200195312,LAKE,UNINCORPORATED,-122.79084014892578,39.083362579345703
94471162,2024,2024-11-15,9151,2024-11-06,1555,023559,,3,2,9,1700,0,1,3,,1,013,SR-29,SR-175,470.00,N,N,A,-,Y,LAK,,29," ",R,40.235,H,,R,Y,4,0,2,3,A,-,03,22350,,N,C,C,A,A,H,-,A,A,0,,,,,Y,,I,09,0,0,2,0,0,0,0,0,0,"- ","- ",39.018108367919922,-122.91374969482422,LAKE,UNINCORPORATED,-122.91371154785156,39.018123626708984
9447641,2022,2022-10-04,1702,2022-09-19,0734,201,C,1,5,3,1702,0,0,0,,0,,"LAKESHORE DR","OLD HWY 53",0.00,,Y,A,-,N,,,,,,,,,,Y,3,0,1,3,A,-,01,23152,F,N,C,C,A,A,H,-,A,A,0,,,,,Y,,A,01,0,1,0,0,0,0,0,0,0,"- ","- ",38.949970245361328,-122.63176727294922,LAKE,CLEARLAKE,-122.62310791015625,38.950714111328125
9447642,2022,2022-10-04,1702,2022-09-11,1940,217,E,7,5,3,1702,0,0,0,,0,,"32ND AV","OAK AV",11.00,W,N,A,-,N,,,,,,,,,,Y,2,0,2,2,A,-,09,21800,A,F,D,C,A,A,H,-,B,D,0,,,Y,,Y,,C,02,1,0,1,0,0,0,0,0,2,"- ","- ",38.945289611816406,-122.61982727050781,LAKE,CLEARLAKE,-122.61995697021484,38.945381164550781
9447657,2022,2022-10-06,1701,2022-08-30,2500,54,3F,2,5,2,1701,0,0,0,,0,,"CLEAR LAKE AV","NORTH MAIN ST",0.00,,Y,A,-,N,,,,,,,,,,Y,3,0,1,2,A,-,04,21703,,N,C,C,A,A,H,-,C,D,0,,,Y,,Y,Y,C,02,0,1,0,0,0,0,0,0,1,"- ","- ",,,LAKE,LAKEPORT,-122.91510009765625,39.049945831298828
94477722,2024,2024-11-21,9151,2024-11-17,1210,017904,,7,1,9,1700,0,1,3,,1,013,SR-29,"TULE LAKE RD.",2640.00,S,N,B,C,Y,LAK,,29," "," ",51.406,H,,R,Y,3,0,1,1,A,-,08,22107,,N,E,8,A,B,H,-,A,D,0,,,,,Y,,D,22,0,1,0,0,0,0,0,0,0,"- ","- ",39.147090911865234,-122.91889953613281,LAKE,UNINCORPORATED,-122.91883850097656,39.147121429443359
94478320,2024,2024-11-21,9151,2024-11-01,2052,023851,,5,2,9,1700,0,1,3,,1,011,SR-20,"MAIN ST",140.00,E,N,A,-,Y,LAK,,20," "," ",8.885,H,,R,Y,3,0,2,2,A,-,01,23152,A,N,D,C,A,B,H,-,C,D,0,,,,,Y,Y,A,01,0,2,0,0,0,0,0,0,0,"- ","- ",39.162181854248047,-122.91098022460938,LAKE,UNINCORPORATED,-122.91098022460938,39.162178039550781
94478433,2024,2024-11-21,9151,2024-10-22,2115,023559,,2,2,9,1700,0,3,5,,2,008,"SPRUCE GROVE ROAD","DEER HILL RD",1030.00,E,N,A,-,N,,,,,,,,,,Y,4,0,1,1,A,-,08,22107,,M,E,8,A,A,H,-,C,D,0,,,,,Y,,A,01,0,0,1,0,0,0,0,0,0,"- ","- ",38.818950653076172,-122.56794738769531,LAKE,UNINCORPORATED,-122.56813049316406,38.818954467773438
94478442,2024,2024-11-21,9151,2024-10-26,1245,023581,,6,1,9,1700,0,3,5,,2,001,"ELK MTN RD","10 W 44 RD",118.00,S,N,A,-,N,,,,,,,,,,N,3,0,1,1,B,-,22,,,N,E,I,A,A,G,-,A,D,0,,,Y,,Y,,-,"- ",0,1,0,0,0,0,0,0,1,"- ","- ",39.299079895019531,-122.92852783203125,LAKE,UNINCORPORATED,-122.92825317382812,39.298351287841797
94478447,2024,2024-11-21,9151,2024-11-08,1500,023559,,5,2,9,1700,0,1,3,,1,013,SR-29,"11TH STREET",475.00,N,N,A,-,Y,LAK,,29," ",R,42.981,H,,R,Y,4,0,1,1,A,-,08,22107,,N,E,8,A,A,H,-,A,D,0,,,,,Y,,A,07,0,0,1,0,0,0,0,0,0,"- ","- ",39.054279327392578,-122.93074798583984,LAKE,UNINCORPORATED,-122.93083190917969,39.054286956787109
94478455,2024,2024-11-21,9151,2024-11-08,1935,024102,,5,2,9,1700,0,1,3,,2,015,"HIGHWAY 29","LIVE OAK DRIVE",4.00,N,N,A,-,Y,LAK,,29," ",R,34.751,H,,R,N,3,0,1,2,A,-,10,21950,A,N,G,B,B,A,H,-,C,A,0,Y,,,,Y,,A,01,0,1,0,0,1,0,0,0,0,"- ","- ",38.972480773925781,-122.83303070068359,LAKE,UNINCORPORATED,-122.83303833007812,38.972465515136719
94478459,2024,2024-11-21,9151,2024-11-12,1500,017904,,2,2,9,1700,0,1,3,,1,023,SR-175,"MATTHEWS RD.",2112.00,W,N,A,-,Y,LAK,,175," "," ",6.449,H,,R,Y,2,0,1,1,A,-,08,22107,,N,F,8,A,A,H,-,A,D,0,,,,Y,Y,,F,26,1,0,0,0,0,0,0,0,0,"- ","- ",38.99713134765625,-122.92008209228516,LAKE,UNINCORPORATED,-122.92008209228516,38.997135162353516
94478468,2024,2024-11-21,9151,2024-11-13,1730,023964,,3,2,9,1700,0,1,3,,1,024,SR-29,"SIEGLER CANYON",20.00,S,N,B,C,Y,LAK,,29," "," ",21.646,H,,R,Y,4,0,2,3,A,-,08,22107,,N,B,C,A,B,H,-,B,D,0,,,,,Y,,D,22,0,0,2,0,0,0,0,0,0,"- ","- ",38.91046142578125,-122.63674926757812,LAKE,UNINCORPORATED,-122.63674926757812,38.910446166992188
94482639,2024,2024-11-25,9151,2024-11-13,1015,023971,,3,1,3,1702,0,3,5,,2,004,"SULPHUR BANK DRIVE","NORTH ST",2267.00,S,N,C,-,N,,,,,,,,,,Y,3,0,1,1,A,-,03,22350,,N,E,I,A,B,H,-,A,D,0,,,,,Y,,A,01,0,1,0,0,0,0,0,0,0,"- ","- ",38.993068695068359,-122.68710327148438,LAKE,CLEARLAKE,-122.68707275390625,38.993038177490234
94483043,2024,2024-11-25,9151,2024-11-24,1240,023559,,7,1,9,1700,0,1,3,,2,015,SR-29,"HIGHLAND SPRINGS ROAD",6.00,N,N,B,-,Y,LAK,,29," ",R,38.617,H,,R,Y,3,0,2,2,A,-,03,22350,,N,C,C,A,A,H,-,A,A,0,,,,,Y,,D,22,0,2,0,0,0,0,0,0,0,"- ","- ",39.000961303710938,-122.89443969726562,LAKE,UNINCORPORATED,-122.89437103271484,39.001052856445312
9448543,2022,2022-06-10,1702,2022-05-21,1325,196,D,6,5,3,1702,0,0,0,,0,,"RT 53","PUTNAM LN",37.00,N,N,A,-,N,,,,,,,,,,Y,2,0,2,2,A,-,03,22350,,N,A,C,A,A,H,-,A,D,0,,,,,Y,,D,22,1,1,0,0,0,0,0,0,0,"- ","- ",38.947719573974609,-122.63034820556641,LAKE,CLEARLAKE,-122.630408,38.947831999999998
9448559,2022,2022-06-16,1702,2022-05-24,0840,235,6A,2,5,3,1702,0,0,0,,0,,"RT 53","LAKESHORE DR",32.00,S,N,A,-,Y,LAK,1,53,-,-,2.950,H,-,S,N,3,0,2,2,A,-,03,22350,,M,C,C,A,A,H,-,A,A,0,,,,,Y,,A,01,0,1,1,0,0,0,0,0,0,"- ","- ",38.950721740722656,-122.62315368652344,LAKE,CLEARLAKE,-122.62313079833984,38.950557708740234
94486282,2024,2024-11-27,9151,2024-11-19,"728 ",020354,,2,1,9,1700,0,3,5,,2,008,"SPRUCE GROVE ROAD","DEER HILL RD",0.00,,Y,A,-,N,,,,,,,,,,Y,4,0,1,2,A,-,09,21801,A,N,D,C,A,A,H,-,A,D,0,,,,,Y,,A,07,0,0,1,0,0,0,0,0,0,"- ","- ",38.820320129394531,-122.57119750976562,LAKE,UNINCORPORATED,-122.57122802734375,38.820304870605469
94486309,2024,2024-11-27,9151,2024-11-25,"848 ",017904,,1,1,9,1700,0,2,4,,2,025,"SODA BAY RD.","SR-175 EXT.",1584.00,E,N,B,C,N,,,,,,,,,,N,4,0,1,2,A,-,03,22350,,N,C,C,A,B,H,-,A,D,0,,,,,Y,,E,22,0,0,1,0,0,0,0,0,0,"- ","- ",39.0135498046875,-122.90943145751953,LAKE,UNINCORPORATED,,
94500705,2024,2024-12-13,9151,2024-12-03,1227,017904,,2,1,9,1700,0,1,3,,1,011,SR-20,"MAIN ST.",60.00,E,N,A,-,Y,LAK,,20," "," ",8.841,H,,R,Y,2,0,1,2,A,-,09,21804,A,N,D,C,A,A,H,-,A,D,0,,,Y,,Y,,A,01,1,0,0,0,0,0,0,0,1,"- ","- ",39.162269592285156,-122.91187286376953,LAKE,UNINCORPORATED,-122.91187286376953,39.162250518798828
94503192,2024,2024-12-13,9151,2024-12-03,1925,024102,,2,2,9,1700,0,2,4,,2,043,"LAKESHORE BOULEVARD","HILL ROAD",100.00,S,N,A,-,N,,,,,,,,,,Y,3,0,1,1,A,-,01,23152,A,N,F,A,A,A,H,-,D,D,0,,,Y,,Y,Y,C,02,0,1,0,0,0,0,0,0,1,"- ","- ",39.108200073242188,-122.90570831298828,LAKE,UNINCORPORATED,-122.90578460693359,39.108268737792969
94503872,2024,2024-12-13,9151,2024-11-29,2228,023851,,5,3,9,1700,0,3,5,,2,001,"ELK MOUNTAIN ROAD","MILE POST MARKER 6.53",120.00,N,N,A,-,N,,,,,,,,,,Y,2,0,2,1,A,-,01,23152,A,N,F,8,A,A,H,-,D,D,0,,,,,Y,Y,D,23,1,1,0,0,0,0,0,0,0,"- ","- ",39.232948303222656,-122.94595336914062,LAKE,UNINCORPORATED,,
94507627,2024,2024-12-17,9151,2024-11-30,1711,023971,,6,2,9,1700,0,1,3,,2,018,SR-29,"SAINT HELENA LANE",0.00,,Y,A,-,Y,LAK,,29," "," ",6.649,H,,R,Y,3,0,1,2,A,-,03,22350,,N,C,2,A,A,H,-,B,D,0,,,,,Y,,A,07,0,1,0,0,0,0,0,0,0,"- ","- ",38.759658813476562,-122.60353088378906,LAKE,UNINCORPORATED,-122.603515625,38.759651184082031
9450766,2022,2022-06-16,1702,2022-05-28,1331,196,,6,5,3,1702,0,0,0,,0,,"ARROWHEAD RD","COUNTRY CLUB DR",366.00,E,N,A,-,N,,,,,,,,,,Y,2,0,1,1,A,-,05,21650,,N,E,I,A,A,H,-,A,D,0,,,,,Y,,A,01,1,0,0,0,0,0,0,0,0,"- ","- ",38.972148895263672,-122.66118621826172,LAKE,CLEARLAKE,-122.66020965576172,38.970932006835938
9450767,2022,2022-06-16,1702,2022-05-27,1151,196,C,5,5,3,1702,0,0,0,,0,,"PALMER AV","MULLEN AV",0.00,,Y,A,-,N,,,,,,,,,,Y,2,0,1,2,A,-,12,22450,A,N,D,C,A,A,H,-,A,A,0,,,Y,,Y,,C,02,1,0,0,0,0,0,0,0,1,"- ","- ",38.952888488769531,-122.64134979248047,LAKE,CLEARLAKE,-122.64134216308594,38.952880859375
94507760,2024,2024-12-17,9151,2024-06-08,1900,023581,,6,2,9,1700,0,3,5,,2,001,"BARTLETT SPRINGS RD","15N 06 ROAD",6019.00,N,N,A,-,N,,,,,,,,,,Y,1,1,1,1,A,-,01,23152,A,N,F,A,A,A,G,-,D,D,0,,,Y,,Y,Y,C,06,0,1,0,0,0,0,0,1,1,"- ","- ",39.165081024169922,-122.73857879638672,LAKE,UNINCORPORATED,,
94510825,2024,2024-12-23,9151,2024-12-11,"545 ",023971,,3,3,9,1700,0,1,3,,1,012,SR-20,"BUTLER STREET",0.00,,Y,A,-,Y,LAK,,20," "," ",28.542,H,,R,Y,3,0,1,2,A,-,09,21804,A,N,D,C,A,A,H,-,C,A,0,,,,,Y,,A,07,0,1,0,0,0,0,0,0,0,"- ","- ",39.027431488037109,-122.66478729248047,LAKE,UNINCORPORATED,-122.664794921875,39.027412414550781
94512262,2024,2024-12-20,9151,2024-11-25,1529,024115,,1,2,9,1700,0,1,3,,2,015,SR-29,29-LAK-31.80,25.00,N,N,B,-,Y,LAK,,29," "," ",31.827,H,,R,Y,2,0,4,2,A,-,08,22107,,N,A,2,A,B,H,-,A,D,0,,,,,Y,,A,01,4,0,0,0,0,0,0,0,0,"- ","- ",38.942901611328125,-122.80628204345703,LAKE,UNINCORPORATED,-122.80626678466797,38.942878723144531
94515674,2024,2025-07-11,9151,2024-12-15,2117,024102,,7,2,9,1700,0,3,5,,2,008,"SIEGLER CANYON","PERINI RD",1320.00,W,N,B,-,N,,,,,,,,,,Y,3,0,1,1,A,-,01,23152,A,N,E,I,A,A,H,-,D,D,0,,,,,Y,Y,D,22,0,1,0,0,0,0,0,0,0,"- ","- ",38.902290344238281,-122.64240264892578,LAKE,UNINCORPORATED,-122.64247894287109,38.901485443115234
94516270,2024,2024-12-26,9151,2024-12-11,2221,023851,,3,3,9,1700,0,2,4,,2,025,"SODA BAY ROAD","WALDO LANE",200.00,E,N,C,-,N,,,,,,,,,,Y,3,0,1,2,A,-,01,23152,A,N,E,4,A,B,H,-,D,D,0,,,,,Y,Y,A,01,0,1,0,0,0,0,0,0,0,"- ","- ",39.014251708984375,-122.85713195800781,LAKE,UNINCORPORATED,-122.85696411132812,39.014167785644531
94516517,2024,2025-02-04,9151,2024-12-16,1610,023182,,1,2,9,1700,0,1,3,,1,011,SR-20,"VAN SLEEPER",200.00,E,N,B,-,Y,LAK,,20," "," ",8.027,H,,R,Y,4,0,2,2,A,-,03,22350,,N,C,C,A,B,H,-,A,D,0,,,,,Y,,A,01,0,0,2,0,0,0,0,0,0,"- ","- ",39.165420532226562,-122.92610168457031,LAKE,UNINCORPORATED,-122.92607879638672,39.165447235107422
94516970,2024,2024-12-26,9151,2024-12-24,1603,020326,,2,2,9,1700,0,3,5,,2,001,"PITNEY LANE","SAM ALLEY RIDGE ROAD",1056.00,E,N,B,C,N,,,,,,,,,,Y,3,0,1,1,A,-,08,22107,,N,E,I,A,B,H,-,A,D,0,,,,,Y,,D,22,0,1,0,0,0,0,0,0,0,"- ","- ",39.182300567626953,-122.88590240478516,LAKE,UNINCORPORATED,-122.88600158691406,39.182331085205078
94517220,2024,2024-12-26,9151,2024-12-12,1327,024189,,4,1,2,1701,0,2,4,,2,043,"SR-175 HOPLAND","GEORGE ROAD",10560.00,W,N,C,-,Y,LAK,,175," ",R,4.984,H,,R,N,3,0,1,2,A,-,05,21460,,M,B,C,A,B,H,-,A,D,0,,,,,Y,,-,"- ",0,1,0,0,0,0,0,0,0,"- ","- ",38.995288848876953,-122.94172668457031,LAKE,LAKEPORT,-122.94173431396484,38.995277404785156
94517243,2024,2024-12-26,9151,2024-12-05,1845,023648,,4,2,9,1700,0,1,3,,2,015,SR-29,"SR-175 HOPLAND",372.00,S,N,A,-,Y,LAK,,29," ",R,40.074,H,,R,Y,2,0,1,2,A,-,03,22350,,F,C,C,A,A,H,-,D,A,0,,,,,Y,,A,01,1,0,0,0,0,0,0,0,0,"- ","- ",39.016059875488281,-122.91230010986328,LAKE,UNINCORPORATED,-122.91233062744141,39.016048431396484
94519597,2024,2024-12-30,9151,2024-12-22,1703,020326,,7,2,9,1700,0,3,5,,2,005,"MAIN STREET","BELL HILL RD",30.00,E,N,B,C,N,,,,,,,,,,Y,3,0,1,1,A,-,08,22107,,N,E,I,A,B,H,-,D,D,0,,,,,Y,,A,01,0,1,0,0,0,0,0,0,0,"- ","- ",38.978511810302734,-122.84332275390625,LAKE,UNINCORPORATED,-122.84343719482422,38.97857666015625
94521302,2024,2024-12-31,9151,2024-12-20,1840,024102,,5,2,2,1701,0,1,3,,1,028,"HWY 175","BOTTLEROCK ROAD",0.00,,Y,A,-,Y,LAK,,175," "," ",19.539,H,,R,N,3,0,1,2,A,-,09,21804,A,N,D,C,A,A,H,-,C,D,0,,,,,Y,,D,22,0,1,0,0,0,0,0,0,0,"- ","- ",38.823310852050781,-122.72125244140625,LAKE,LAKEPORT,-122.72114562988281,38.823348999023438
94526460,2024,2025-01-06,9151,2024-11-04,1705,023559,,1,2,9,1700,0,1,3,,1,028,SR-175,"DRY CREEK CUT OFF",0.00,,Y,A,-,Y,LAK,,175," "," ",26.545,H,,R,N,1,1,0,2,A,-,12,22450,A,N,D,G,A,A,H,-,A,D,0,,Y,,,Y,,L,04,0,0,0,0,0,1,0,0,0,"- ","- ",38.759258270263672,-122.64082336425781,LAKE,UNINCORPORATED,-122.64087677001953,38.759189605712891
94527027,2024,2025-01-06,9151,2024-12-26,"758 ",023964,,4,1,9,1700,0,1,3,,1,022,SR-20,MPMLAK44.07,55.00,E,N,B,-,Y,LAK,,20," ",R,44.069,H,,R,Y,4,0,1,1,A,-,03,22350,,N,E,I,A,A,H,-,A,D,0,,,,,Y,,E,22,0,0,1,0,0,0,0,0,0,"- ","- ",39.019649505615234,-122.44721221923828,LAKE,UNINCORPORATED,-122.44715881347656,39.019702911376953
94528094,2024,2025-01-07,9151,2024-12-14,2022,023648,,6,2,9,1700,0,1,3,,2,018,SR-29,"SPRUCE GROVE RD",2228.00,N,N,A,-,Y,LAK,,29," "," ",12.362,H,,R,N,2,0,1,2,A,-,08,22107,,F,G,B,E,B,H,-,D,D,0,Y,,,,Y,Y,-,"- ",1,0,0,0,1,0,0,0,0,"- ","- ",38.825469970703125,-122.58042907714844,LAKE,UNINCORPORATED,-122.58046722412109,38.825447082519531
94529784,2024,2025-01-08,9151,2024-12-27,1755,023648,,5,2,9,1700,0,1,3,,2,018,SR-29,"MPM 15.92",10.00,S,N,B,-,Y,LAK,,29," "," ",15.944,H,,R,Y,3,0,1,1,A,-,01,23152,A,N,E,8,A,A,H,-,D,D,0,,,,,Y,Y,D,22,0,1,0,0,0,0,0,0,0,"- ","- ",38.857128143310547,-122.62632751464844,LAKE,UNINCORPORATED,-122.62626647949219,38.857215881347656
94530150,2024,2025-01-08,9151,2024-12-19,1911,023851,,4,2,9,1700,0,1,3,,1,011,"MAIN ST",SR-20,40.00,N,N,A,-,N,,,,,,,,,,N,4,0,1,2,A,-,09,21804,A,N,D,C,A,A,H,-,C,D,0,,,,,Y,,A,01,0,0,1,0,0,0,0,0,0,"- ","- ",39.162418365478516,-122.91149139404297,LAKE,UNINCORPORATED,-122.91141510009766,39.162345886230469