CASE_ID,ACCIDENT_YEAR,PROC_DATE,JURIS,COLLISION_DATE,COLLISION_TIME,OFFICER_ID,REPORTING_DISTRICT,DAY_OF_WEEK,CHP_SHIFT,POPULATION,CNTY_CITY_LOC,SPECIAL_COND,BEAT_TYPE,CHP_BEAT_TYPE,CITY_DIVISION_LAPD,CHP_BEAT_CLASS,BEAT_NUMBER,PRIMARY_RD,SECONDARY_RD,DISTANCE,DIRECTION,INTERSECTION,WEATHER_1,WEATHER_2,STATE_HWY_IND,CALTRANS_COUNTY,CALTRANS_DISTRICT,STATE_ROUTE,ROUTE_SUFFIX,POSTMILE_PREFIX,POSTMILE,LOCATION_TYPE,RAMP_INTERSECTION,SIDE_OF_HWY,TOW_AWAY,COLLISION_SEVERITY,NUMBER_KILLED,NUMBER_INJURED,PARTY_COUNT,PRIMARY_COLL_FACTOR,PCF_CODE_OF_VIOL,PCF_VIOL_CATEGORY,PCF_VIOLATION,PCF_VIOL_SUBSECTION,HIT_AND_RUN,TYPE_OF_COLLISION,MVIW,PED_ACTION,ROAD_SURFACE,ROAD_COND_1,ROAD_COND_2,LIGHTING,CONTROL_DEVICE,CHP_ROAD_TYPE,PEDESTRIAN_ACCIDENT,BICYCLE_ACCIDENT,MOTORCYCLE_ACCIDENT,TRUCK_ACCIDENT,NOT_PRIVATE_PROPERTY,ALCOHOL_INVOLVED,STWD_VEHTYPE_AT_FAULT,CHP_VEHTYPE_AT_FAULT,COUNT_SEVERE_INJ,COUNT_VISIBLE_INJ,COUNT_COMPLAINT_PAIN,COUNT_PED_KILLED,COUNT_PED_INJURED,COUNT_BICYCLIST_KILLED,COUNT_BICYCLIST_INJURED,COUNT_MC_KILLED,COUNT_MC_INJURED,PRIMARY_RAMP,SECONDARY_RAMP,LATITUDE,LONGITUDE,COUNTY,CITY,POINT_X,POINT_Y
9595284,2023,2023-07-19,1702,2023-06-26,1814,217,C,1,5,3,1702,0,0,0,,0,003,"LAKESHORE DR","PALMER AV",90.00,E,N,A,-,N,,,,,,,,,,N,3,0,1,1,A,-,03,22350,,N,F,A,A,A,H,-,A,D,0,,,Y,,Y,,C,02,0,1,0,0,0,0,0,0,1,"- ","- ",38.952960968017578,-122.64299011230469,LAKE,CLEARLAKE,-122.64305877685547,38.953289031982422
9595285,2023,2023-07-19,1702,2023-06-03,1859,251,E,6,5,3,1702,0,0,0,,0,,"BOYLES AV","29TH AV",0.00,,Y,A,-,N,,,,,,,,,,N,3,0,4,2,A,-,09,21800,,N,H,C,A,A,H,-,A,D,0,,,,,Y,Y,A,01,0,4,0,0,0,0,0,0,0,"- ","- ",38.94329833984375,-122.61060333251953,LAKE,CLEARLAKE,-122.61058807373047,38.943279266357422
9604330,2023,2024-03-05,1702,2023-09-22,"354 ",196,,5,5,3,1702,0,0,0,,0,,"HWY 53","LAKESHORE DR",0.00,,Y,A,-,Y,LAK,1,53,-,-,2.960,I,5,N,Y,3,0,3,2,A,-,12,21453,A,F,D,C,A,A,H,-,C,A,0,,,,,Y,,A,01,0,3,0,0,0,0,0,0,0,"- ","- ",38.950721740722656,-122.62315368652344,LAKE,CLEARLAKE,-122.62312316894531,38.950698852539062
9611297,2023,2023-09-21,1702,2023-08-06,1541,253,,7,5,3,1702,0,0,0,,0,,"UHL AV","DIVISION AV",0.00,,Y,A,-,N,,,,,,,,,,N,3,0,1,2,A,-,09,21802,A,N,H,G,A,A,H,-,A,D,0,,Y,,,Y,,A,01,0,1,0,0,0,0,1,0,0,"- ","- ",38.958869934082031,-122.64642333984375,LAKE,CLEARLAKE,-122.64640808105469,38.958866119384766
9611298,2023,2023-09-21,1702,2023-08-02,2045,196,,3,5,3,1702,0,0,0,,0,,"LAKESHORE DR","MULLEN AV",0.00,,Y,A,-,N,,,,,,,,,,N,3,0,1,2,A,-,08,22107,,N,D,C,A,A,H,-,C,D,0,,,,,Y,,A,01,0,1,0,0,0,0,0,0,0,"- ","- ",38.951820373535156,-122.64243316650391,LAKE,CLEARLAKE,-122.64241027832031,38.951839447021484
9611354,2023,2023-10-04,1702,2023-07-06,2234,209,C,4,5,3,1702,0,0,0,,0,,"AUSTIN RD","LAKESHORE DR",0.00,,N,A,-,N,,,,,,,,,,N,4,0,2,2,A,-,07,21658,A,F,B,C,A,A,H,-,D,D,0,,,,,Y,,A,01,0,0,2,0,0,0,0,0,0,"- ","- ",38.959300994873047,-122.64923858642578,LAKE,CLEARLAKE,-122.64923858642578,38.959281921386719
9611355,2023,2023-09-21,1702,2023-07-03,1647,201,E,1,5,3,1702,0,0,0,,0,,"PHILLIPS AV","36TH AV",6.00,S,N,A,-,N,,,,,,,,,,N,3,0,1,2,A,-,08,22107,,M,H,G,A,A,H,-,A,D,0,,Y,,,Y,,-,,0,1,0,0,0,0,1,0,0,"- ","- ",38.947971343994141,-122.61527252197266,LAKE,CLEARLAKE,-122.61525726318359,38.947933197021484
9612457,2023,2023-09-21,1702,2023-08-13,2302,196,E,7,5,3,1702,0,0,0,,0,,"42ND AV","IRVING AV",116.00,W,N,A,-,N,,,,,,,,,,N,2,0,1,3,A,-,00,23103,,F,G,B,E,A,H,-,D,D,0,Y,,,,Y,Y,D,22,1,0,0,0,1,0,0,0,0,"- ","- ",38.952049255371094,-122.61353302001953,LAKE,CLEARLAKE,-122.61322784423828,38.951885223388672
9621071,2023,2024-02-23,1702,2023-10-03,2018,249,,2,5,3,1702,0,0,0,,0,,"21ST AV","PHILLIPS AV",0.00,,Y,A,-,N,,,,,,,,,,Y,3,0,2,2,A,-,09,21800,,N,A,C,A,A,H,-,D,D,0,,,,,Y,,A,01,0,2,0,0,0,0,0,0,0,"- ","- ",,,LAKE,CLEARLAKE,-122.61534881591797,38.938076019287109
9621072,2023,2024-02-23,1702,2023-10-06,1656,196,,5,5,3,1702,0,0,0,,0,,"PHILLIPS AV","24TH AV",0.00,,Y,A,-,N,,,,,,,,,,Y,3,0,6,2,A,-,09,21804,A,N,D,C,A,A,H,-,A,D,0,,,,,Y,Y,A,08,0,6,0,0,0,0,0,0,0,"- ","- ",38.940010070800781,-122.6153564453125,LAKE,CLEARLAKE,-122.61534118652344,38.940055847167969
9621073,2023,2024-02-26,1702,2023-10-07,2151,240,,6,5,3,1702,0,0,0,,0,,"COUNTRY CLUB DR","BUSH ST",544.00,N,N,A,-,N,,,,,,,,,,N,3,0,1,1,A,-,08,22107,,N,E,I,A,A,B,-,D,D,0,,,Y,,Y,,C,02,0,1,0,0,0,0,0,0,1,"- ","- ",38.975368499755859,-122.66722106933594,LAKE,CLEARLAKE,-122.66747283935547,38.977813720703125
9621074,2023,2024-02-26,1702,2023-10-11,1152,196,B,3,5,3,1702,0,0,0,,0,,"OLYMPIC DR","PINE ST",469.00,E,N,A,-,N,,,,,,,,,,Y,2,0,1,1,A,-,08,22107,,N,E,I,A,A,A,-,A,D,0,,,,,Y,,A,01,1,0,0,0,0,0,0,0,0,"- ","- ",38.961109161376953,-122.64423370361328,LAKE,CLEARLAKE,-122.64366912841797,38.960968017578125
9621092,2023,2023-11-02,1702,2023-09-24,"634 ",240,E,7,5,3,1702,0,0,0,,0,,"19TH AV","BOYLES AV",0.00,,Y,A,-,N,,,,,,,,,,N,3,0,1,2,A,-,09,21804,A,N,D,C,A,A,H,-,A,D,0,,,,,Y,,A,01,0,1,0,0,0,0,0,0,0,"- ","- ",38.936698913574219,-122.61064147949219,LAKE,CLEARLAKE,-122.61064910888672,38.936698913574219
9621093,2023,2023-11-02,1702,2023-09-25,1630,240,A,1,5,3,1702,0,0,0,,0,,"10TH ST","COUNTRY CLUB DR",428.00,N,N,A,-,N,,,,,,,,,,N,2,0,1,1,A,-,00,23103,,N,E,I,A,A,H,-,A,D,0,,,Y,,Y,,C,02,1,0,0,0,0,0,0,0,1,"- ","- ",38.973289489746094,-122.66175079345703,LAKE,CLEARLAKE,-122.66169738769531,38.981781005859375
9621094,2023,2023-11-02,1702,2023-09-27,1838,253,,3,5,3,1702,0,0,0,,0,,"HOWARD AV","PEARL AV",0.00,,Y,A,-,N,,,,,,,,,,N,3,0,1,2,A,-,09,21802,A,N,D,G,A,A,H,-,A,D,0,,Y,,,Y,,-,,0,1,0,0,0,0,1,0,0,"- ","- ",38.954490661621094,-122.64354705810547,LAKE,CLEARLAKE,-122.64354705810547,38.954429626464844
9621667,2023,2023-10-02,1702,2023-08-29,"845 ",251,C,2,5,3,1702,0,0,0,,0,,"LAKESHORE DR","W 40TH AV",290.00,S,N,A,-,N,,,,,,,,,,N,3,0,1,2,A,-,04,21703,,N,C,C,A,A,H,-,A,D,0,,,,,Y,,A,01,0,1,0,0,0,0,0,0,0,"- ","- ",38.950550079345703,-122.62558746337891,LAKE,CLEARLAKE,-122.62310791015625,38.950710296630859
9622254,2023,2023-11-29,1702,2023-09-13,2153,229,6A,3,5,3,1702,0,0,0,,0,,"RT 53","LAKESHORE DR",0.00,,Y,A,-,Y,LAK,1,53,-,-,2.960,I,5,S,Y,3,0,2,2,D,-,00,,,N,D,C,A,A,H,-,C,A,0,,,,,Y,,-,"- ",0,2,0,0,0,0,0,0,0,"- ","- ",38.950721740722656,-122.62315368652344,LAKE,CLEARLAKE,-122.62312316894531,38.950698852539062
9622266,2023,2023-12-05,1702,2023-10-13,2036,253,C,5,5,3,1702,0,0,0,,0,,"W 40TH ST","MULLEN AVE",0.00,,Y,A,-,N,,,,,,,,,,N,2,0,1,2,A,-,03,22350,,F,H,G,A,A,H,-,B,D,0,,Y,,,Y,,D,22,1,0,0,0,0,0,1,0,0,"- ","- ",38.955001831054688,-122.63876342773438,LAKE,CLEARLAKE,-122.63887023925781,38.954933166503906
9625166,2023,2023-10-03,1702,2023-08-22,1451,240,6A,2,5,3,1702,0,0,0,,0,,"RT 53","LAKESHORE DR",0.00,,Y,A,-,Y,LAK,1,53,-,-,2.960,I,5,S,N,3,0,1,3,A,-,12,21453,A,N,D,C,A,A,H,-,A,A,0,,,,,Y,,A,01,0,1,0,0,0,0,0,0,0,"- ","- ",38.950721740722656,-122.62315368652344,LAKE,CLEARLAKE,-122.62312316894531,38.950698852539062
9628469,2023,2023-10-20,1702,2023-08-12,"147 ",209,D,6,5,3,1702,0,0,0,,0,,"OLD HWY 53","CLEMENT DR",32.00,E,N,A,-,N,,,,,,,,,,N,2,0,1,2,A,-,11,21950,B,F,G,B,D,A,H,-,C,D,0,Y,,,,Y,Y,N,60,1,0,0,0,1,0,0,0,0,"- ","- ",38.944610595703125,-122.63088989257812,LAKE,CLEARLAKE,-122.631269,38.944282000000001
9628473,2023,2023-10-20,1702,2023-07-14,1623,240,D,5,5,3,1702,0,0,0,,0,,"OLD HWY 53","CASS AV",30.00,S,N,A,-,N,,,,,,,,,,N,3,0,1,3,A,-,08,22107,,N,C,E,F,A,H,-,A,D,0,Y,,,,Y,,A,01,0,1,0,0,1,0,0,0,0,"- ","- ",38.943740844726562,-122.63181304931641,LAKE,CLEARLAKE,,
9635125,2023,2024-01-23,1702,2023-11-18,1809,253,,6,5,3,1702,0,0,0,,0,,"POMO RD","LAKESHORE DR",28.00,N,N,A,-,N,,,,,,,,,,N,3,0,1,2,A,-,00,21495,A,N,G,B,D,A,H,-,C,D,0,Y,,,,Y,Y,N,60,0,1,0,0,1,0,0,0,0,"- ","- ",38.965541839599609,-122.65000152587891,LAKE,CLEARLAKE,-122.64994812011719,38.965587615966797
9635126,2023,2024-01-23,1702,2023-11-19,2358,252,C,7,5,3,1702,0,0,0,,0,,"LAKESHORE DR","LAKESHORE DR 14655",0.00,,Y,A,-,N,,,,,,,,,,Y,3,0,1,1,A,-,01,23152,A,N,E,I,A,A,H,-,C,D,0,,,,,Y,Y,A,01,0,1,0,0,0,0,0,0,0,"- ","- ",38.950141906738281,-122.638671875,LAKE,CLEARLAKE,-122.93373107910156,39.420513153076172
9635127,2023,2024-01-23,1702,2023-11-26,1336,241,A,7,5,3,1702,0,0,0,,0,,"7TH ST","BUSH ST",589.00,S,N,A,-,N,,,,,,,,,,Y,2,0,1,2,A,-,09,21801,A,N,D,C,A,A,H,-,A,D,0,,,Y,,Y,,A,01,1,0,0,0,0,0,0,0,1,"- ","- ",38.974460601806641,-122.65960693359375,LAKE,CLEARLAKE,-122.65935516357422,38.974582672119141
9635128,2023,2024-01-23,1702,2023-11-27,1811,253,B,1,5,3,1702,0,0,0,,0,,"OLYMPIC DR","MATIODA CRT",116.00,E,N,A,-,N,,,,,,,,,,N,3,0,1,2,A,-,09,21802,A,N,D,C,A,A,H,-,B,D,0,,,,,Y,,A,01,0,1,0,0,0,0,0,0,0,"- ","- ",38.961719512939453,-122.63445281982422,LAKE,CLEARLAKE,,
9635129,2023,2024-01-23,1702,2023-11-28,1013,241,C,2,5,3,1702,0,0,0,,0,,"LAKESHORE DR","OLD HWY 53",702.00,E,N,A,-,N,,,,,,,,,,N,3,0,1,2,A,-,10,21950,A,N,G,B,C,A,H,-,A,D,0,Y,,,,Y,,A,01,0,1,0,0,1,0,0,0,0,"- ","- ",38.949390411376953,-122.62856292724609,LAKE,CLEARLAKE,-122.62310791015625,38.950710296630859
9635130,2023,2024-01-23,1702,2023-11-28,1726,251,E,2,5,3,1702,0,0,0,,0,,"40TH AV","RT 53",1055.00,E,N,A,-,N,,,,,,,,,,Y,3,0,2,2,A,-,05,21460,,N,A,C,A,A,H,-,D,D,0,,,,,Y,Y,A,01,0,2,0,0,0,0,0,0,0,"- ","- ",38.950839996337891,-122.6192626953125,LAKE,CLEARLAKE,-122.61940002441406,38.950672149658203
9635142,2023,2023-12-20,1702,2023-10-26,1433,196,A,4,5,3,1702,0,0,0,,0,,"LAKESHORE DR","DIVISION ST",181.00,S,N,A,-,N,,,,,,,,,,Y,3,0,1,2,A,-,09,21804,A,N,D,C,A,A,H,-,A,D,0,,,,,Y,,A,01,0,1,0,0,0,0,0,0,0,"- ","- ",38.958351135253906,-122.64871215820312,LAKE,CLEARLAKE,-122.64894866943359,38.958339691162109
9635143,2023,2023-12-20,1702,2023-10-29,1920,252,C,7,5,3,1702,0,0,0,,0,,"14677 LAKESHORE DR","REDBUD PARK",35.00,W,N,A,-,N,,,,,,,,,,N,2,0,1,2,A,-,03,22350,,N,G,B,E,A,H,-,C,D,0,Y,,Y,,Y,,C,02,1,0,0,0,1,0,0,0,0,"- ","- ",38.949668884277344,-122.63774108886719,LAKE,CLEARLAKE,-122.65471649169922,38.968265533447266
9635144,2023,2023-12-21,1702,2023-10-01,2243,252,C,7,5,3,1702,0,0,0,,0,,"LAKESHORE DR","OLD HWY 53",315.00,E,N,F,-,N,,,,,,,,,,N,3,0,2,2,A,-,08,22107,A,N,A,C,A,A,H,-,C,D,0,,,,,Y,,A,01,0,2,0,0,0,0,0,0,0,"- ","- ",38.950328826904297,-122.62937164306641,LAKE,CLEARLAKE,-122.62310791015625,38.950710296630859
9635172,2023,2024-02-13,1702,2023-12-02,"138 ",240,A,6,5,3,1702,0,0,0,,0,,"LAKESHORE DR","AUSTIN RD",131.00,N,N,C,-,N,,,,,,,,,,Y,3,0,1,1,A,-,03,22350,,M,E,I,A,B,H,-,D,D,0,,,,,Y,,A,01,0,1,0,0,0,0,0,0,0,"- ","- ",38.959739685058594,-122.649658203125,LAKE,CLEARLAKE,-122.64930725097656,38.959636688232422
9635570,2023,2024-01-03,1702,2023-10-19,1131,196,B,4,5,3,1702,0,0,0,,0,,"OLYMPIC DR","OLD HWY 53",0.00,,Y,A,-,N,,,,,,,,,,Y,2,0,3,2,A,-,12,21453,A,N,D,C,A,A,H,-,A,A,0,,,,,Y,,A,08,2,1,0,0,0,0,0,0,0,"- ","- ",38.961830139160156,-122.63128662109375,LAKE,CLEARLAKE,-122.61892700195312,38.964088439941406
9635571,2023,2024-01-25,1702,2023-11-14,1114,241,6A,2,5,3,1702,0,0,0,,0,,"RT 53","OLD HWY 53",0.00,,Y,C,-,N,,,,,,,,,,Y,2,0,2,2,A,-,09,21800,A,N,D,C,A,B,H,-,A,A,0,,,,,Y,,D,22,1,0,1,0,0,0,0,0,0,"- ","- ",38.930019378662109,-122.61887359619141,LAKE,CLEARLAKE,-122.62310791015625,38.950714111328125
9635572,2023,2024-01-23,1702,2023-11-14,1829,217,C,2,5,3,1702,0,0,0,,0,,"LAKESHORE DR","OLD HWY 53",700.00,E,N,A,-,N,,,,,,,,,,Y,2,0,1,3,A,-,10,21950,A,F,G,B,C,B,H,-,D,D,0,Y,,,,Y,,D,22,1,0,0,0,1,0,0,0,0,"- ","- ",38.949390411376953,-122.62856292724609,LAKE,CLEARLAKE,-122.62310791015625,38.950710296630859
9635573,2023,2024-01-23,1702,2023-11-27,"751 ",241,A,1,5,3,1702,0,0,0,,0,,"13TH ST","BUSH ST",6.00,S,N,A,-,N,,,,,,,,,,N,2,0,1,1,D,-,00,,,N,E,J,A,A,H,-,A,D,0,,,,,Y,,-,"- ",1,0,0,0,0,0,0,0,0,"- ","- ",38.976268768310547,-122.66423034667969,LAKE,CLEARLAKE,-122.66420745849609,38.976234436035156
9640102,2023,2025-06-24,1702,2023-10-16,1906,217,B,1,5,3,1702,0,0,0,,0,,ARROWHEAD,"VISTA ST",0.00,,Y,A,-,N,,,,,,,,,,Y,1,1,0,2,A,-,03,22350,,N,A,C,A,A,H,-,B,D,0,,,Y,,Y,,C,02,0,0,0,0,0,0,0,1,0,"- ","- ",38.969089508056641,-122.64732360839844,LAKE,CLEARLAKE,-122.64739990234375,38.969100952148438
9640103,2023,2025-06-24,1702,2023-11-14,1810,201,6A,2,5,3,1702,0,0,0,,0,,"RT 53","LAKESHORE DR",0.00,,N,A,-,Y,LAK,1,53,-,-,2.960,I,5,S,Y,1,1,0,2,A,-,11,21954,A,N,G,B,D,B,H,-,D,D,0,Y,,,,Y,,N,60,0,0,0,1,0,0,0,0,0,"- ","- ",38.950721740722656,-122.62315368652344,LAKE,CLEARLAKE,-122.62312316894531,38.950698852539062
9640211,2024,2024-07-31,1702,2024-01-04,2018,240,6A,4,5,3,1702,0,0,0,,0,,"RT 53","18TH AV",11.00,S,N,A,-,Y,LAK,1,53,-,-,1.970,H,-,S,N,1,1,0,2,A,-,11,21954,A,N,G,B,D,A,H,-,C,A,0,Y,,,,Y,,N,60,0,0,0,1,0,0,0,0,0,"- ","- ",38.936519622802734,-122.62232208251953,LAKE,CLEARLAKE,-122.62229156494141,38.936603546142578
9640494,2024,2024-07-22,1702,2024-02-03,1103,217,C,6,5,3,1702,0,0,0,,0,,"MULLEN AV","PEARL AV",0.00,,Y,A,-,N,,,,,,,,,,Y,1,1,2,2,A,-,12,22450,A,N,D,C,A,A,H,-,A,A,0,,,Y,,Y,,C,02,0,2,0,0,0,0,0,1,0,"- ","- ",38.953388214111328,-122.64073944091797,LAKE,CLEARLAKE,-122.64073944091797,38.953369140625
9640496,2024,2024-07-22,1702,2024-03-29,1951,217,1951,5,5,3,1702,0,0,0,,0,00D,"OLD RT 53","HIGHLAND AV",8.00,N,N,C,-,N,,,,,,,,,,Y,1,1,0,2,A,-,07,21658,A,N,G,B,E,B,H,-,D,D,0,Y,,,,Y,,A,01,0,0,0,1,0,0,0,0,0,"- ","- ",38.938438415527344,-122.62821197509766,LAKE,CLEARLAKE,-122.62384796142578,38.940933227539062
9656078,2023,2024-01-03,1702,2023-10-16,1311,251,C,1,5,3,1702,0,0,0,,0,,"LAKESHORE DR",ALVITA,7.00,W,N,A,-,N,,,,,,,,,,N,4,0,1,2,A,-,04,21703,,N,C,C,A,A,H,-,A,D,0,,,,,Y,,A,01,0,0,1,0,0,0,0,0,0,"- ","- ",38.95526123046875,-122.64682006835938,LAKE,CLEARLAKE,-122.64704132080078,38.9552001953125
9659419,2023,2024-02-12,1702,2023-12-16,1606,209,E,6,5,3,1702,0,0,0,,0,,"13TH AV","BOYLES AV",388.00,E,N,A,-,N,,,,,,,,,,N,3,0,1,2,A,-,08,22107,A,N,C,C,A,A,B,-,A,D,0,,,Y,,Y,,C,02,0,1,0,0,0,0,0,0,1,"- ","- ",38.932659149169922,-122.60926055908203,LAKE,CLEARLAKE,-122.60936737060547,38.932697296142578
9659420,2023,2024-02-12,1702,2023-12-25,"500 ",245,,1,5,3,1702,0,0,0,,0,,"LAKESHORE DR","LUPOYOMA ST",24.00,S,N,A,-,N,,,,,,,,,,Y,3,0,1,1,A,-,03,22350,,N,E,I,A,A,H,-,C,A,0,,,,,Y,,A,01,0,1,0,0,0,0,0,0,0,"- ","- ",38.963668823242188,-122.64971923828125,LAKE,CLEARLAKE,-122.64968109130859,38.963588714599609
9659421,2023,2024-02-12,1702,2023-12-25,2233,252,C,1,5,3,1702,0,0,0,,0,,"AUSTIN DR","AUSTIN RD",74.00,N,N,A,-,N,,,,,,,,,,N,3,0,1,1,A,-,08,22107,,N,E,J,A,A,H,-,D,D,0,,,,,Y,,A,01,0,1,0,0,0,0,0,0,0,"- ","- ",38.953731536865234,-122.63059234619141,LAKE,CLEARLAKE,-122.63883209228516,38.958839416503906
9660025,2024,2024-03-14,1702,2024-01-18,1439,201,A,4,5,3,1702,0,0,0,,0,,"10TH ST","BUSH ST",0.00,,Y,A,-,N,,,,,,,,,,Y,3,0,1,2,A,-,03,22350,A,N,D,C,A,A,H,-,A,D,0,,,,,Y,,A,01,0,1,0,0,0,0,0,0,0,"- ","- ",38.976249694824219,-122.66181182861328,LAKE,CLEARLAKE,-122.66178131103516,38.976226806640625
9662957,2023,2024-02-12,1702,2023-12-10,1846,249,B,7,5,3,1702,0,0,0,,0,,"RUMSEY RD","OLD HWY 53",0.00,,Y,B,-,N,,,,,,,,,,Y,3,0,1,1,A,-,03,22350,,M,E,I,A,A,H,-,D,D,0,,,,,Y,,A,01,0,1,0,0,0,0,0,0,0,"- ","- ",38.975799560546875,-122.61345672607422,LAKE,CLEARLAKE,,
9670699,2024,2024-02-12,1702,2024-01-07,1346,201,D,7,5,3,1702,0,0,0,,0,,"OLD HWY 53","RIDGEVIEW RD",141.00,N,N,A,-,N,,,,,,,,,,Y,3,0,2,2,A,-,05,21460,A,N,A,C,A,A,H,-,A,D,0,,,,,Y,,A,01,0,2,0,0,0,0,0,0,0,"- ","- ",38.939300537109375,-122.63092803955078,LAKE,CLEARLAKE,-122.631353,38.939219000000001
9675322,2023,2024-03-29,1702,2023-12-17,2140,245,6A,7,5,3,1702,0,0,0,,0,,"RT 53","DAM RD",0.00,,N,C,-,Y,LAK,1,53,-,-,1.490,H,-,N,Y,3,0,1,2,A,-,01,23152,A,N,C,C,A,B,H,-,D,D,0,,,,,Y,Y,A,07,0,1,0,0,0,0,0,0,0,"- ","- ",38.930019378662109,-122.61887359619141,LAKE,CLEARLAKE,-122.61899566650391,38.930316925048828
9690781,2024,2024-07-01,1702,2024-03-22,2007,229,,5,5,3,1702,0,0,0,,0,,"AUSTIN DR","RT 53",813.00,W,N,C,-,N,,,,,,,,,,Y,2,0,2,2,A,-,01,23152,A,N,A,C,A,B,H,-,D,D,0,,,,,Y,Y,A,07,2,0,0,0,0,0,0,0,0,"- ","- ",38.958961486816406,-122.63420867919922,LAKE,CLEARLAKE,,
9692077,2024,2024-05-15,1701,2024-03-18,1500,MORENO58,3F,1,5,2,1701,0,0,0,,0,,"BEVINS ST","BEVINS CT",0.00,,Y,A,-,N,,,,,,,,,,N,3,0,1,2,A,-,04,21703,,N,C,C,A,A,H,-,A,D,0,,,,,Y,,A,01,0,1,0,0,0,0,0,0,0,"- ","- ",,,LAKE,LAKEPORT,-122.92460632324219,39.037689208984375
9692765,2024,2024-06-03,1702,2024-04-29,"752 ",240,,1,5,3,1702,0,0,0,,0,,"BURNS VALLEY RD","ARCATA ST",98.00,E,N,A,-,N,,,,,,,,,,Y,3,0,1,1,A,-,03,22350,,N,E,A,A,A,H,-,A,D,0,,,,,Y,,A,01,0,1,0,0,0,0,0,0,0,"- ","- ",38.969211578369141,-122.64206695556641,LAKE,CLEARLAKE,-122.64263916015625,38.968971252441406
9692766,2024,2024-06-03,1702,2024-04-28,"835 ",217,C,7,5,3,1702,0,0,0,,0,,"LAKESHORE DR","PALMER AV",225.00,E,N,A,-,N,,,,,,,,,,N,3,0,1,2,A,-,07,21658,A,N,G,B,E,A,H,-,A,D,0,Y,,,,Y,,A,01,0,1,0,0,1,0,0,0,0,"- ","- ",38.952960968017578,-122.64270782470703,LAKE,CLEARLAKE,-122.64297485351562,38.952926635742188
9692767,2024,2024-06-03,1702,2024-04-25,1244,217,C,4,5,3,1702,0,0,0,,0,,"PALMER AV","GOLF AV",217.00,W,N,A,-,N,,,,,,,,,,Y,3,0,1,1,A,-,06,21750,A,N,E,I,A,A,H,-,A,D,0,,,,,Y,,A,01,0,1,0,0,0,0,0,0,0,"- ","- ",38.950740814208984,-122.63585662841797,LAKE,CLEARLAKE,-122.63657379150391,38.950817108154297
9692768,2024,2024-06-03,1702,2024-04-22,1848,217,,1,5,3,1702,0,0,0,,0,,"AUSTIN RD","BUCKEYE ST",80.00,W,N,A,-,N,,,,,,,,,,Y,3,0,1,2,A,-,07,21658,A,N,B,E,A,A,H,-,A,D,0,,,,,Y,,A,01,0,1,0,0,0,0,0,0,0,"- ","- ",38.958858489990234,-122.63966369628906,LAKE,CLEARLAKE,-122.63993072509766,38.958850860595703
9692769,2024,2024-06-03,1702,2024-04-14,2149,249,A,7,5,3,1702,0,0,0,,0,,"LAKESHORE DR","BAYLIS AV",337.00,N,N,A,-,N,,,,,,,,,,Y,2,0,2,2,A,-,05,21460,,N,A,C,A,B,H,-,C,D,0,,,,,Y,Y,A,01,1,1,0,0,0,0,0,0,0,"- ","- ",38.956611633300781,-122.64792633056641,LAKE,CLEARLAKE,-122.6480712890625,38.956863403320312
9692797,2024,2024-05-21,1702,2024-03-04,1622,217,,1,5,3,1702,0,0,0,,0,,"2ND ST","SONOMA AV",0.00,,Y,A,-,N,,,,,,,,,,N,3,0,1,1,A,-,01,23152,A,N,F,A,A,B,H,-,A,D,0,,,Y,,Y,Y,C,02,0,1,0,0,0,0,0,0,1,"- ","- ",38.971279144287109,-122.65529632568359,LAKE,CLEARLAKE,-122.65531921386719,38.971286773681641
9692798,2024,2024-05-21,1702,2024-03-03,2304,253,,7,5,3,1702,0,0,0,,0,,"BURNS VALLEY RD",REID,80.00,W,N,C,-,N,,,,,,,,,,N,3,0,1,1,A,-,01,23152,A,N,E,I,A,B,H,-,D,D,0,,,,,Y,Y,-,,0,1,0,0,0,0,0,0,0,"- ","- ",38.969070434570312,-122.6407470703125,LAKE,CLEARLAKE,-122.6409912109375,38.969181060791016
9692799,2024,2024-05-20,1702,2024-03-02,"739 ",209,B,6,5,3,1702,0,0,0,,0,,"RUMSEY RD","ROBIN LN",598.00,E,N,A,-,N,,,,,,,,,,Y,2,0,2,1,A,-,01,23152,A,N,E,I,A,B,H,-,A,D,0,,,,,Y,Y,A,01,2,0,0,0,0,0,0,0,0,"- ","- ",38.970878601074219,-122.62238311767578,LAKE,CLEARLAKE,-122.62265014648438,38.970283508300781
9693341,2024,2024-07-02,1702,2024-04-09,1931,249,B,2,5,3,1702,0,0,0,,0,,"VISTA ST",WOODLAND,0.00,,Y,A,-,N,,,,,,,,,,N,2,0,1,3,A,-,01,23152,A,N,G,B,A,A,H,-,B,D,0,,,,,Y,,-,,1,0,0,0,0,0,0,0,0,"- ","- ",38.9664306640625,-122.64768218994141,LAKE,CLEARLAKE,-122.64736938476562,38.965057373046875
9693358,2024,2024-06-11,1701,2024-04-30,1707,47,3F,2,5,2,1701,0,0,0,,0,,"MAIN ST","KIMBERLY LN",0.00,,Y,A,-,N,,,,,,,,,,Y,3,0,4,2,A,-,09,21804,A,N,D,C,A,A,H,-,A,A,0,,,,,Y,,A,01,0,1,3,0,0,0,0,0,0,"- ","- ",,,LAKE,LAKEPORT,-122.91596984863281,39.032371520996094
9696459,2024,2024-05-24,1702,2024-02-27,"151 ",249,C,2,5,3,1702,0,0,0,,0,,"OLD HWY 53","LAKESHORE DR",261.00,S,N,A,-,N,,,,,,,,,,Y,3,0,1,1,A,-,01,23152,A,N,E,I,A,A,H,-,C,D,0,,,,,Y,Y,A,08,0,1,0,0,0,0,0,0,0,"- ","- ",38.942119598388672,-122.63292694091797,LAKE,CLEARLAKE,-122.62303161621094,38.950000762939453